system:index,ADM_LEVEL,CC_2,COUNTRY,COUNTRY_NO,ENGTYPE_2,FID_TCL_QC,FID_world_,GID_0,GID_1,GID_2,HASC_2,ISDISPUTED,Id,MAX_LEVEL,NAME_0,NAME_0_NOR,NAME_1,NAME_1_NOR,NAME_2,NAME_2_NOR,NL_NAME_1,NL_NAME_2,SIZE,TYPE_2,VARNAME_2,built,crop,mangrove,natBare,natForest,natShortVeg,natWater,nonNatBare,nonNatPeatShortVeg,nonNatPeatTree,nonNatShortVeg,nonNatTree,nonNatWater,nonNatWetShortVeg,nonNatWetTree,peatNatForest,peatNatShortVeg,snow,wetNatForest,wetNatShortVeg
00000000000000000000,2,,Democratic Republic of the Congo,democratic republic of the congo,Territory,0,32607,COD,COD.6_1,COD.6.10_1,,False,32608,2,Democratic Republic of the Congo,democratic republic of the congo,Ituri,ituri,Mambasa,mambasa,,,medium,Territoire,,0.0,0.0,0.0,0.0,21850.0098797828,0.0,0.0,0.0,0.0,0.0,0.0,0.0,0.0,0.0,0.0,0.0,0.0,0.0,143.8479833677411,0.0
00000000000000000001,2,,Democratic Republic of the Congo,democratic republic of the congo,Territory,0,32608,COD,COD.6_1,COD.6.10_1,,False,32609,2,Democratic Republic of the Congo,democratic republic of the congo,Ituri,ituri,Mambasa,mambasa,,,medium,Territoire,,49.8475588709116,135.5435655117035,0.0,178.77052273601294,446604.1623850316,872.8701107800007,1110.6135711669922,0.1538516506552696,0.0,1.923060230910778,3.9232141599059114,371.47657253593206,0.0,0.0,0.9999823123216628,9770.406713306904,286.1548444852233,0.0,13781.46555428952,53.69237823784351
00000000000000000002,2,,Democratic Republic of the Congo,democratic republic of the congo,Territory,0,32609,COD,COD.6_1,COD.6.10_1,,False,32610,2,Democratic Republic of the Congo,democratic republic of the congo,Ituri,ituri,Mambasa,mambasa,,,medium,Territoire,,2045.031586036086,18168.254443772137,0.0,65.38442960381508,84785.04715164006,4148.579927504063,370.23386637866497,0.0,40.46240235120058,155.6957505196333,3707.3672709316015,50788.05750644952,0.0,17.46229276061058,46.30893974751234,2181.415695875883,346.7755807414651,0.0,329.23349168896675,58.077481381595135
00000000000000000003,2,,Democratic Republic of the Congo,democratic republic of the congo,Territory,0,32967,COD,COD.6_1,COD.6.10_1,,False,32968,2,Democratic Republic of the Congo,democratic republic of the congo,Ituri,ituri,Mambasa,mambasa,,,medium,Territoire,,1585.1524473801255,40.06948987394571,0.0,117.0466341599822,293899.5367741361,2460.356544725597,1261.858296699822,3.998880095779896,0.0,0.1538238674402237,13.150110453367232,30.76234157383442,0.0,0.0,0.0,9032.00479415804,134.27527616918087,0.0,4560.395904004574,45.37484000623226
00000000000000000004,2,,Democratic Republic of the Congo,democratic republic of the congo,Territory,0,32968,COD,COD.6_1,COD.6.10_1,,False,32969,2,Democratic Republic of the Congo,democratic republic of the congo,Ituri,ituri,Mambasa,mambasa,,,medium,Territoire,,1598.3995153307917,231.96605330705643,0.0,607.76980035007,1095086.5734420717,2333.35736836493,5120.596295960248,3.922498255968094,0.2307356223464012,4.230213843286037,5.30646500736475,613.9725956767797,0.0,0.0,2.4610949605703354,17920.908724449575,904.6209653541446,0.0,16999.300259560347,228.355164244771
00000000000000000005,2,,Democratic Republic of the Congo,democratic republic of the congo,Territory,0,32969,COD,COD.6_1,COD.6.10_1,,False,32970,2,Democratic Republic of the Congo,democratic republic of the congo,Ituri,ituri,Mambasa,mambasa,,,medium,Territoire,,2687.250756241381,3081.6908892840147,0.0,358.7895456254482,803472.009473145,8210.598085649312,1255.6572071537375,0.3075922653079033,0.0,21.53520420193672,10.074109613895416,5141.780801340938,0.0,0.0,2.384362064301968,8886.237882368267,598.4207456856966,0.0,4914.151493936777,134.0537707284093
00000000000000000006,2,,Democratic Republic of the Congo,democratic republic of the congo,Territory,0,33328,COD,COD.6_1,COD.6.10_1,,False,33329,2,Democratic Republic of the Congo,democratic republic of the congo,Ituri,ituri,Mambasa,mambasa,,,medium,Territoire,,35.056217551231384,70.18514020740986,0.0,9.610278323292732,236824.60497460517,646.7202375382185,0.0,0.0768778249621391,0.0,0.0,0.1537650227546692,0.6150527447462082,0.0,0.0,0.0,1289.1088681444526,0.0,0.0,800.2286489829421,0.0
00000000000000000007,2,,Democratic Republic of the Congo,democratic republic of the congo,Territory,0,33329,COD,COD.6_1,COD.6.10_1,,False,33330,2,Democratic Republic of the Congo,democratic republic of the congo,Ituri,ituri,Mambasa,mambasa,,,medium,Territoire,,0.7688456773757935,233.00536115467548,0.0,6.226196214556694,355374.0721450373,3565.7932492122054,0.2306554466485977,0.0,0.0,0.0,0.0,25.36550309509039,0.0,0.0,0.0,2586.3357045277958,0.0768856778740882,0.0,283.4464327841997,0.1537669748067855
00000000000000000008,2,6208.0,Indonesia,indonesia,Regency,1,31251,IDN,IDN.14_1,IDN.14.13_1,ID.KT.SE,False,31252,2,Indonesia,indonesia,Kalimantan Tengah,kalimantan tengah,Seruyan,seruyan,,,medium,Kabupaten,,16.280233301222324,12.210032179951668,9.061126500368118,52.91241866350174,248.8548427298665,1109.1876272931695,147.59048978239298,0.0,0.0,0.0,0.0,0.0,0.0,0.0,0.0,1279.976889848709,31898.36652202904,0.0,0.0,3546.4913519248366
00000000000000000009,2,6208.0,Indonesia,indonesia,Regency,1,31252,IDN,IDN.14_1,IDN.14.13_1,ID.KT.SE,False,31253,2,Indonesia,indonesia,Kalimantan Tengah,kalimantan tengah,Seruyan,seruyan,,,medium,Kabupaten,,1122.042016133666,2094.172971896827,374.5506506413221,3549.1716603264213,9185.184591837227,36179.45338122547,5176.134893335402,0.0,0.0,5589.762976787984,0.0,1323.6647556722164,1497.8422795683146,0.0,0.0,32033.935744941235,215153.52500241995,0.0,0.8448400050401688,61688.338031724095
0000000000000000000a,2,6208.0,Indonesia,indonesia,Regency,1,31611,IDN,IDN.14_1,IDN.14.13_1,ID.KT.SE,False,31612,2,Indonesia,indonesia,Kalimantan Tengah,kalimantan tengah,Seruyan,seruyan,,,medium,Kabupaten,,3.305603802204132,0.0,0.0,0.0,3069.6919575482607,2.690248467028141,0.0,0.0,0.0,39.43751458823681,0.0,1976.5255716219544,0.0,0.0,0.0,627.9048129618168,1.2295890897512436,0.0,0.0,0.5381239727139473
0000000000000000000b,2,6208.0,Indonesia,indonesia,Regency,1,31612,IDN,IDN.14_1,IDN.14.13_1,ID.KT.SE,False,31613,2,Indonesia,indonesia,Kalimantan Tengah,kalimantan tengah,Seruyan,seruyan,,,medium,Kabupaten,,1831.1555121988056,1086.482469804585,0.0,725.1693243980408,81439.23231768608,59300.070854716,14124.741585865617,0.0,0.0,23377.964606821537,0.0,297229.4499129653,0.0,0.0,0.0,60427.13537237793,60564.26761960238,0.0,0.0,28134.526838220656
0000000000000000000c,2,6208.0,Indonesia,indonesia,Regency,1,31971,IDN,IDN.14_1,IDN.14.13_1,ID.KT.SE,False,31972,2,Indonesia,indonesia,Kalimantan Tengah,kalimantan tengah,Seruyan,seruyan,,,medium,Kabupaten,,197.12902433425188,314.11120976507664,0.0,177.44043762981892,319909.34660194814,16142.504978120329,588.3442698419094,0.0,0.0,0.0,0.0,3.691099978983402,0.0,0.0,0.0,3623.308228641749,318.80160101503134,0.0,0.0,2.3843086287379265
0000000000000000000d,2,6208.0,Indonesia,indonesia,Regency,1,31972,IDN,IDN.14_1,IDN.14.13_1,ID.KT.SE,False,31973,2,Indonesia,indonesia,Kalimantan Tengah,kalimantan tengah,Seruyan,seruyan,,,medium,Kabupaten,,91.74025227874516,0.0,0.0,264.3931606560945,157359.93975780904,13166.484108112752,516.4928933903575,0.0,0.0,4.843951337039471,0.0,3805.417285017669,0.0,0.0,0.0,1854.705912165344,299.98152094334364,0.0,0.0,52.0533409267664
0000000000000000000e,2,6208.0,Indonesia,indonesia,Regency,1,32331,IDN,IDN.14_1,IDN.14.13_1,ID.KT.SE,False,32332,2,Indonesia,indonesia,Kalimantan Tengah,kalimantan tengah,Seruyan,seruyan,,,medium,Kabupaten,,44.53707728534937,1.461503028869629,0.0,38.22978666424751,46703.64264822006,1232.888978563249,6.769023835659027,0.0,0.0,0.0,0.0,0.0,0.0,0.0,0.0,797.2880103811622,13.153428010642529,0.0,0.0,0.0769206136465072
0000000000000000000f,2,6208.0,Indonesia,indonesia,Regency,1,32332,IDN,IDN.14_1,IDN.14.13_1,ID.KT.SE,False,32333,2,Indonesia,indonesia,Kalimantan Tengah,kalimantan tengah,Seruyan,seruyan,,,medium,Kabupaten,,47.07696615159512,0.9231036305427552,0.0,47.53889525681734,44927.17021717876,3348.455225303769,0.0,0.0,0.0,0.0,0.0,0.0,0.0,0.0,0.0,375.3799140527845,15.846040397882462,0.0,0.0,0.3077002987265587
00000000000000000010,2,,Peru,peru,Province,2,27469,PER,PER.18_1,PER.18.3_1,PE.MD.TP,False,27470,2,Peru,peru,Madre de Dios,madre de dios,Tambopata,tambopata,,,medium,Provincia,,3513.546621344984,3748.634140893817,0.0,2627.595137320459,61624.30749095231,0.0,946.5146765485406,0.0,1.4998982027173042,0.0,210.96076820790768,0.0,0.0,0.0,0.0,3901.488637588918,111.66422965377568,0.0,4480.733694255352,506.5415997430682
00000000000000000011,2,,Peru,peru,Province,2,27470,PER,PER.18_1,PER.18.3_1,PE.MD.TP,False,27471,2,Peru,peru,Madre de Dios,madre de dios,Tambopata,tambopata,,,medium,Provincia,,2225.3236464336514,3979.158676192165,0.0,3223.526520125568,189638.5080270916,0.0,3815.2164772301912,0.0,0.0,0.0,3.675242200493813,0.0,0.0,0.0,0.0,60581.02639807761,519.2288513109088,0.0,28655.97664374858,1197.0362402647734
00000000000000000012,2,,Peru,peru,Province,2,27471,PER,PER.18_1,PER.18.3_1,PE.MD.TP,False,27472,2,Peru,peru,Madre de Dios,madre de dios,Tambopata,tambopata,,,medium,Provincia,,0.0,0.0,0.0,0.6750936061143875,1374.8943591937425,0.0,4.650468446314335,0.0,0.0,0.0,0.0,0.0,0.0,0.0,0.0,2222.5964258760214,118.5115266740322,0.0,1019.640421167016,69.83149489760399
00000000000000000013,2,,Peru,peru,Province,2,27829,PER,PER.18_1,PER.18.3_1,PE.MD.TP,False,27830,2,Peru,peru,Madre de Dios,madre de dios,Tambopata,tambopata,,,medium,Provincia,,8861.745923869312,11283.559898845851,0.0,3017.394571512937,269757.081602335,0.0,7638.319084197283,0.0,1.350869059562683,0.0,65.0705949217081,0.0,0.0,0.0,0.0,25189.336983576417,781.7794952169061,0.0,23424.822688288987,706.2487211227417
00000000000000000014,2,,Peru,peru,Province,2,27830,PER,PER.18_1,PER.18.3_1,PE.MD.TP,False,27831,2,Peru,peru,Madre de Dios,madre de dios,Tambopata,tambopata,,,medium,Provincia,,20008.75605840236,85210.22118739039,0.0,3559.647643327713,808836.8981302008,0.0,25079.380650281902,0.0,21.63995709270239,0.0,6916.480349771678,0.0,0.0,0.0,0.0,81150.42318627983,3742.4062098041177,0.0,162680.23750317097,5262.865660019219
00000000000000000015,2,,Peru,peru,Province,2,27831,PER,PER.18_1,PER.18.3_1,PE.MD.TP,False,27832,2,Peru,peru,Madre de Dios,madre de dios,Tambopata,tambopata,,,medium,Provincia,,13.753910854458807,1575.894830994308,0.0,218.2162733599544,164546.14401458204,0.9756812155246736,5228.917163163424,0.0750677362084388,6.378197617828846,0.0,80.19784617424011,0.0,0.0,0.0,0.0,19202.46728377044,2767.496146656573,0.0,60255.72263650596,5861.783768601716
00000000000000000016,2,,Peru,peru,Province,2,28187,PER,PER.18_1,PER.18.3_1,PE.MD.TP,False,28188,2,Peru,peru,Madre de Dios,madre de dios,Tambopata,tambopata,,,medium,Provincia,,0.0,0.6042979136109352,0.0,0.3775659129023552,62463.38889068365,0.0,27.03801372647285,0.0,0.0,0.0,0.0,0.0,0.0,0.0,0.0,147.89148501306772,0.0,0.0,1806.0960885435345,0.0
00000000000000000017,2,,Peru,peru,Province,2,28188,PER,PER.18_1,PER.18.3_1,PE.MD.TP,False,28189,2,Peru,peru,Madre de Dios,madre de dios,Tambopata,tambopata,,,medium,Provincia,,0.0,135.15193992108107,0.0,407.2813990414143,453410.84171370417,0.0,1808.3484060391784,0.0,0.0,0.0,0.0,0.0,0.0,0.0,0.0,9618.271947816014,0.0,0.0,31032.08716287464,0.0
00000000000000000018,2,,Peru,peru,Province,2,28189,PER,PER.18_1,PER.18.3_1,PE.MD.TP,False,28190,2,Peru,peru,Madre de Dios,madre de dios,Tambopata,tambopata,,,medium,Provincia,,0.6785708293318748,578.7295395210385,0.0,1337.2528167366982,542768.6022335887,0.0,4990.415225051343,0.0,0.0,0.0,0.0,0.0,0.0,0.0,0.0,16667.527429930866,0.0,0.0,67579.22640813887,0.0
00000000000000000019,2,,Peru,peru,Province,2,28190,PER,PER.18_1,PER.18.3_1,PE.MD.TP,False,28191,2,Peru,peru,Madre de Dios,madre de dios,Tambopata,tambopata,,,medium,Provincia,,70.94475335627794,4009.135524958372,0.0,48.28308644145727,178234.14062282443,0.0,548.727353990078,0.0,0.1506415903568267,0.0,555.1649124547839,0.0,0.0,0.0,0.0,3898.4017657488585,25.081295661628246,0.0,8923.913774259388,35.69744157791138
0000000000000000001a,2,,Peru,peru,Province,2,28191,PER,PER.18_1,PER.18.3_1,PE.MD.TP,False,28192,2,Peru,peru,Madre de Dios,madre de dios,Tambopata,tambopata,,,medium,Provincia,,0.0,278.92984092235565,0.0,0.4518323689699173,4530.269237436354,0.0,22.971906945109367,0.0,0.0,0.0,73.87146309018135,0.0,0.0,0.0,0.0,264.809762775898,0.3765675649046898,0.0,537.4453309103847,2.711168348789215
0000000000000000001b,1,,Malaysia,malaysia,,3,34135,MYS,MYS.13_1,,,False,34136,2,Malaysia,malaysia,Sabah,sabah,,,,,medium,,,5486.552730254829,11967.34957986325,84.3891980946064,235.1550424695015,280005.3477281481,1111.497011616826,349.65818836539984,20.626704655587677,17.325331017374992,129.5561523810029,1033.9947054982183,35744.009781591594,0.0,13.185028962790966,61.01852694898844,5642.413287468255,184.91633125394583,0.0,589.8494132459164,45.840610451996326
0000000000000000001c,1,,Malaysia,malaysia,,3,34136,MYS,MYS.13_1,,,False,34137,2,Malaysia,malaysia,Sabah,sabah,,,,,medium,,,7948.807312965393,9848.92927827686,0.0,468.7618800923228,750774.8969062641,4265.734654977918,592.8905349969864,109.03497054427862,15.948415890336037,59.04829651862383,1275.548441015184,20414.454752340916,0.0,11.882897764444351,43.31229417771101,6343.709022797644,184.2100772634149,0.0,524.8944171071053,122.92734995484352
0000000000000000001d,1,,Malaysia,malaysia,,3,34137,MYS,MYS.13_1,,,False,34138,2,Malaysia,malaysia,Sabah,sabah,,,,,medium,,,24483.65247569233,125412.61586551368,34450.22677940875,1484.6159346625209,518911.7498189733,6882.417469166219,2339.809071868658,208.30184710025787,172.81679244339466,750.5792694017291,12969.250008687375,147104.95512337238,4.297098197042942,208.0080158561468,736.4686772823334,5017.220724239945,406.8145927861333,0.0,951.8444255068898,158.98152191191912
0000000000000000001e,1,,Malaysia,malaysia,,3,34138,MYS,MYS.13_1,,,False,34139,2,Malaysia,malaysia,Sabah,sabah,,,,,medium,,,20975.01904619485,160035.20300986618,20934.557398192585,939.2525950297712,80341.05677553266,794.7218936830759,6971.139672875404,35.20569509267807,362.099053196609,1363.1569874361155,6317.971937961876,52795.812665343285,0.0,238.3180673494935,1373.4497882947326,3003.813077367842,911.4067081287504,0.0,2359.044685013592,446.4415831416845
0000000000000000001f,1,,Malaysia,malaysia,,3,34139,MYS,MYS.13_1,,,False,34140,2,Malaysia,malaysia,Sabah,sabah,,,,,medium,,,0.0,0.0,0.0,7.591050378978252,0.1533576026558876,10.121502339839935,15.795407384634018,0.4600985497236252,0.0,0.0,0.0,0.0,0.0,0.0,0.0,0.5367521420121193,2.4537004828453064,0.0,0.1533576548099517,6.824491664767265
00000000000000000020,1,,Malaysia,malaysia,,3,34495,MYS,MYS.13_1,,,False,34496,2,Malaysia,malaysia,Sabah,sabah,,,,,medium,,,31250.96618539095,116153.80721458793,24228.15872726589,820.1742447242141,119560.69293733686,1771.9222447797656,2615.7351395115256,45.968291848897934,614.9591806307435,2618.998187109828,1905.754982151091,57260.66546329856,0.0,174.53776098787785,1432.8239311650395,19354.68944980204,1931.038429647684,0.0,3716.8508343845606,372.9702862948179
00000000000000000021,1,,Malaysia,malaysia,,3,34496,MYS,MYS.13_1,,,False,34497,2,Malaysia,malaysia,Sabah,sabah,,,,,medium,,,64131.139801867306,128505.22201871128,230.7890236526728,911.450075276196,852105.2660137266,8038.359561979771,1318.620617300272,363.2933495119214,44.81089920550585,450.4038435593248,11447.223887912927,142870.83946646005,0.0,123.17558461427689,320.0069646835327,3266.205019764602,190.97889802604917,0.0,437.4802583232522,202.94926004856825
00000000000000000022,1,,Malaysia,malaysia,,3,34497,MYS,MYS.13_1,,,False,34498,2,Malaysia,malaysia,Sabah,sabah,,,,,medium,,,37878.53483232111,371715.9836122543,38103.30343607068,1185.7915391772983,556780.3366096467,730.2455557882786,6264.733799010515,11.869440734386444,2233.854164399206,5297.166823677719,19859.419451788068,112954.76223623008,0.0,1870.956149086356,6371.871077597141,16927.033026345074,1106.6045939475298,0.0,10976.72214306891,754.8030155524611
00000000000000000023,1,,Malaysia,malaysia,,3,34498,MYS,MYS.13_1,,,False,34499,2,Malaysia,malaysia,Sabah,sabah,,,,,medium,,,40251.05697033554,372216.1247798279,90564.0569769442,784.8078675940633,161829.1375986189,831.8345036879182,6419.993373066187,14.632930099964142,684.6349198073149,4048.155948847532,7901.586194321513,63925.38204423338,0.0,713.860797919333,4381.954089835286,40524.07344839722,4136.594120629132,0.0,19111.388321839277,1906.3406120464208
00000000000000000024,1,,Malaysia,malaysia,,3,34499,MYS,MYS.13_1,,,False,34500,2,Malaysia,malaysia,Sabah,sabah,,,,,medium,,,7274.174504086375,72437.63277185708,1500.8713421225548,365.682708658278,24.12732520699501,31.637000285089016,377.06994189322,0.6128183901309967,307.39505711197853,1204.257323399186,2166.8825156092644,11631.909326471388,0.0,428.6129376143217,2154.0727284029126,605.3054227605462,138.97132367640734,0.0,193.57637662440536,35.4724940136075
00000000000000000025,1,,Malaysia,malaysia,,3,34855,MYS,MYS.13_1,,,False,34856,2,Malaysia,malaysia,Sabah,sabah,,,,,medium,,,27.00201949477196,272.77613001316786,0.0,9.791238240897655,0.305976539850235,20.117766365408897,41.00066087394953,0.0764926970005035,0.6884345784783363,0.9179268702864648,2.983236223459244,0.2294821515679359,0.0,2.906736768782139,0.3059780672192573,49.41510489583016,38.62962558865547,0.0,17.058042496442795,52.47473049163818
00000000000000000026,1,,Malaysia,malaysia,,3,34856,MYS,MYS.13_1,,,False,34857,2,Malaysia,malaysia,Sabah,sabah,,,,,medium,,,53466.652442373335,104187.63979891688,13139.237541504204,1377.5528486147523,340361.3275157511,6958.862350173295,2539.625938370824,197.0288797840476,44.95924315601587,386.9740229472518,4365.154203094542,75362.45519299805,0.0,78.95561953634024,549.4072594419122,4428.20310575515,580.174244388938,0.0,3249.386541619897,557.8942912817001
00000000000000000027,1,,Malaysia,malaysia,,3,34857,MYS,MYS.13_1,,,False,34858,2,Malaysia,malaysia,Sabah,sabah,,,,,medium,,,22394.645260848105,227205.4131326377,74807.08244019747,1492.5442136451602,178323.76015212387,3941.900667436421,3084.27001734823,40.1535543948412,226.69611205160615,1869.2322854921224,4385.004059813917,53265.41582860798,0.0,226.66581428050995,1898.5418651029468,18341.676259301603,1247.0624379888177,0.0,12517.162512749434,734.2126944810152
00000000000000000028,1,,Malaysia,malaysia,,3,34858,MYS,MYS.13_1,,,False,34859,2,Malaysia,malaysia,Sabah,sabah,,,,,medium,,,152.48338696360588,649.2254562452435,1326.5120625123382,27.2335038036108,26.85442325472832,19.738313928246495,142.8342255204916,2.983239933848381,37.63625095039606,41.543048620224,12.851687297224998,27.465799413621426,0.0,3.3661260679364204,5.279564566910267,40.322020061314106,71.99309512972832,0.0,8.951590023934841,13.617910616099834
00000000000000000029,1,,Malaysia,malaysia,,3,35216,MYS,MYS.13_1,,,False,35217,2,Malaysia,malaysia,Sabah,sabah,,,,,medium,,,673.592764005065,3939.341797105968,1083.202128984034,213.8822582066059,2180.753490880132,565.7482861578465,287.71970228105783,33.58541019260883,34.806129686534405,13.740818202495577,89.84129724651575,329.9858004152775,0.0,22.974350556731224,58.64183830469847,109.5392559543252,283.6395792886615,0.0,630.0421536192298,272.9470115751028
0000000000000000002a,1,,Malaysia,malaysia,,3,35217,MYS,MYS.13_1,,,False,35218,2,Malaysia,malaysia,Sabah,sabah,,,,,medium,,,2595.241841576993,22260.04184277356,9634.975445389748,218.53657910227776,14399.325593434274,296.1254678443074,788.9855855256319,10.76355753093958,59.22644690424204,54.27418829500675,759.5526750460267,401.318173982203,0.0,23.96671716868877,60.76314263045788,745.8158631250262,426.44323974847794,0.0,1115.3541758060455,95.71806631982328
0000000000000000002b,1,,Suriname,suriname,,4,32883,SUR,SUR.9_1,,,False,32884,2,Suriname,suriname,Sipaliwini,sipaliwini,,,,,small,,,0.0,0.0,0.0,0.0,44325.23710874468,18177.223629564047,0.0,15.45498152822256,0.0,0.0,4.69042794406414,0.0,0.0,0.0,0.0,504.687677256763,20.22157324105501,0.0,4.9207823276519775,1641.362587578595
0000000000000000002c,1,,Suriname,suriname,,4,32884,SUR,SUR.9_1,,,False,32885,2,Suriname,suriname,Sipaliwini,sipaliwini,,,,,small,,,30.986382193863392,0.0,0.0,5.76679702103138,227.75061905384064,14607.629344016314,2.0760229751467705,87.8057229295373,0.0,0.0,17.838704951107502,0.0,0.0,0.0,0.0,0.0,0.0,0.0,0.0,820.7224711254239
0000000000000000002d,1,,Suriname,suriname,,4,33242,SUR,SUR.9_1,,,False,33243,2,Suriname,suriname,Sipaliwini,sipaliwini,,,,,small,,,0.0,0.0,0.0,0.0,68476.52879115939,0.0,1148.9482644945383,0.0,0.0,0.0,0.0,0.0,0.0,0.0,0.0,1800.0185695067048,0.0,0.0,411.4224739894271,0.0
0000000000000000002e,1,,Suriname,suriname,,4,33243,SUR,SUR.9_1,,,False,33244,2,Suriname,suriname,Sipaliwini,sipaliwini,,,,,small,,,90.09266094118357,0.0,0.0,0.0,1055232.887973331,13921.922787062824,1121.7341109067202,287.91154826432467,0.0,0.0,0.0,0.0,0.0,0.0,0.0,15894.20522263646,89.49333073198795,0.0,14959.435457840562,2067.121045306325
0000000000000000002f,1,,Suriname,suriname,,4,33244,SUR,SUR.9_1,,,False,33245,2,Suriname,suriname,Sipaliwini,sipaliwini,,,,,small,,,0.3841539695858955,0.0,0.0,0.0,626103.2049748674,7591.132965914905,487.1437785699964,1212.821971386671,0.0,0.0,8.841382555663586,0.0,0.0,0.0,0.0,9693.50541113317,1.2294409722089767,0.0,3426.9565736725926,1024.2266652733088
00000000000000000030,1,,Suriname,suriname,,4,33245,SUR,SUR.9_1,,,False,33246,2,Suriname,suriname,Sipaliwini,sipaliwini,,,,,small,,,0.0,0.0,0.0,0.0,513378.5179357156,24.442961372435093,823.199996881187,878.9307946562767,0.0,0.0,0.0,0.0,0.0,0.0,0.0,9142.58309110254,7.300039432942867,0.0,1710.755161203444,41.348862908780575
00000000000000000031,1,,Suriname,suriname,,4,33601,SUR,SUR.9_1,,,False,33602,2,Suriname,suriname,Sipaliwini,sipaliwini,,,,,small,,,0.0,0.0,0.0,0.0,899.6914410591125,0.3837538883090019,671.8784569352865,6.754033647477627,0.0,0.0,0.0,0.0,0.0,0.0,0.0,93.86626305431128,4.758503653109074,0.0,1458.3607102110982,0.9210068732500076
00000000000000000032,1,,Suriname,suriname,,4,33602,SUR,SUR.9_1,,,False,33603,2,Suriname,suriname,Sipaliwini,sipaliwini,,,,,small,,,4.837713919579983,0.0,0.0,0.0,715010.7286369205,8.21720091253519,11665.66688542068,74.09471140056849,0.0,0.0,0.0,0.0,0.0,0.0,0.0,11403.836647376418,22.269134879112244,0.0,26599.75631824881,21.267161704599857
00000000000000000033,1,,Suriname,suriname,,4,33603,SUR,SUR.9_1,,,False,33604,2,Suriname,suriname,Sipaliwini,sipaliwini,,,,,small,,,1.0747936218976974,0.0,0.0,0.0,1186842.0961798355,146.835303299129,752.6979385912418,1108.3830644190311,0.0,0.0,0.0,0.0,0.0,0.0,0.0,23336.93860024959,66.20882691442966,0.0,16062.312379047276,340.8952453359961
00000000000000000034,1,,Suriname,suriname,,4,33604,SUR,SUR.9_1,,,False,33605,2,Suriname,suriname,Sipaliwini,sipaliwini,,,,,small,,,65.72176449745893,0.0,0.0,0.0,1193635.9314116985,43.61875014007092,4528.650396645069,1622.321758069098,0.0,0.0,0.0,0.0,0.0,0.0,0.0,20862.695334650576,30.635085605084896,0.0,7746.749106429517,121.11872357875107
00000000000000000035,1,,Suriname,suriname,,4,33605,SUR,SUR.9_1,,,False,33606,2,Suriname,suriname,Sipaliwini,sipaliwini,,,,,small,,,6918.028955899179,48.75979387760162,0.0,0.0,1033824.890845798,74.79982516169548,8642.822773754597,236.97966136038303,0.0,0.0,0.0,0.0,0.0,0.0,0.0,17546.601847320795,74.4097790941596,0.0,12657.40724720806,99.51776730269194
00000000000000000036,1,,Suriname,suriname,,4,33606,SUR,SUR.9_1,,,False,33607,2,Suriname,suriname,Sipaliwini,sipaliwini,,,,,small,,,0.0,0.0,0.0,0.0,811.9084793254733,1.074979193508625,276.1900320351124,0.0,0.0,0.0,0.0,0.0,0.0,0.0,0.0,132.6831888705492,5.605252705514431,0.0,117.78602177649736,0.0
00000000000000000037,1,,Suriname,suriname,,4,33961,SUR,SUR.9_1,,,False,33962,2,Suriname,suriname,Sipaliwini,sipaliwini,,,,,small,,,0.0,0.0,0.0,0.0,10544.435863412917,0.6905907243490219,2805.471697986126,112.10626275092363,0.0,0.0,0.0,0.0,0.0,0.0,0.0,548.0311149284244,19.643676221370697,0.0,4753.04384278506,9.745639987289906
00000000000000000038,1,,Suriname,suriname,,4,33962,SUR,SUR.9_1,,,False,33963,2,Suriname,suriname,Sipaliwini,sipaliwini,,,,,small,,,93.33039210736752,134.22702035307884,0.0,0.0,1062595.9263180196,42.32072582095861,9673.42187422514,458.4718559384346,0.0,0.0,0.0,0.0,0.0,0.0,0.0,20638.8983130008,215.15129449218512,0.0,40868.138004779816,556.2065984904766
00000000000000000039,1,,Suriname,suriname,,4,33963,SUR,SUR.9_1,,,False,33964,2,Suriname,suriname,Sipaliwini,sipaliwini,,,,,small,,,638.8280042037368,56.261591859161854,0.0,0.0,1144828.9365987629,256.44034660607576,3443.5386397242546,1229.1254338547587,0.0,0.0,0.0,0.0,0.0,0.0,0.0,19334.974052928388,122.5855288207531,0.0,57031.13291380554,256.8824022859335
0000000000000000003a,1,,Suriname,suriname,,4,33964,SUR,SUR.9_1,,,False,33965,2,Suriname,suriname,Sipaliwini,sipaliwini,,,,,small,,,4618.952144362032,82.70942021906376,0.0,0.0,829014.6931482032,228.75935313105583,3161.4317816123366,1487.9086045697331,0.0,0.0,0.0,0.0,0.0,0.0,0.0,11310.298848412933,128.8865567073226,0.0,17942.228022806346,270.3293691277504
0000000000000000003b,1,,Suriname,suriname,,4,33965,SUR,SUR.9_1,,,False,33966,2,Suriname,suriname,Sipaliwini,sipaliwini,,,,,small,,,18647.63354904205,62.36687292158604,0.0,0.0,487497.2502955496,139.49155872315168,10521.62237225473,613.300869166851,0.0,0.0,0.0,0.0,0.0,0.0,0.0,9128.729863874614,104.86633625626564,0.0,26251.479345291853,1345.061963915825
0000000000000000003c,1,,Suriname,suriname,,4,34322,SUR,SUR.9_1,,,False,34323,2,Suriname,suriname,Sipaliwini,sipaliwini,,,,,small,,,52.26177261769772,440.068184748292,0.0,0.0,82584.63152811676,89.35109101235867,6365.536865122616,12.645490862429142,0.0,0.0,0.0,0.0,0.0,0.0,0.0,3077.247846774757,214.5298980474472,0.0,15091.17110478878,490.18931763619184
0000000000000000003d,1,,Suriname,suriname,,4,34323,SUR,SUR.9_1,,,False,34324,2,Suriname,suriname,Sipaliwini,sipaliwini,,,,,small,,,84.36717416346073,179.13770961016417,0.0,0.0,385060.516913563,1008.501326583326,2584.3696102276444,175.3081714361906,0.0,0.0,0.0,0.0,0.0,0.0,0.0,16971.83413220197,1063.4284314513206,0.0,31355.705555014312,2183.1700420975685
0000000000000000003e,1,,Suriname,suriname,,4,34324,SUR,SUR.9_1,,,False,34325,2,Suriname,suriname,Sipaliwini,sipaliwini,,,,,small,,,1991.796435251832,14.791729271411896,0.0,0.0,50154.84588112682,91.418114207685,729.1723946481943,1.8395036607980728,0.0,0.0,0.0,0.0,0.0,0.0,0.0,8402.772940807045,30.88297364860773,0.0,6841.472211375833,178.6046055927873
0000000000000000003f,1,,Suriname,suriname,,4,34325,SUR,SUR.9_1,,,False,34326,2,Suriname,suriname,Sipaliwini,sipaliwini,,,,,small,,,7461.244483292103,20.68628019839525,0.0,0.0,141810.73046819866,136.92333810031414,1334.3654386475682,34.1027791723609,0.0,0.0,0.0,0.0,0.0,0.0,0.0,2822.6340965926647,1.9918233901262283,0.0,4555.120352864265,235.62806364148852
00000000000000000040,1,,United States,united states,,5,45430,USA,USA.6_1,,,False,45431,2,United States,united states,Colorado,colorado,,,,,very big,,,1.7287208549678326,0.0,0.0,27.10386769101024,0.0,34.265690341591835,1.4200153015553951,0.0,0.0,0.0,0.0,0.0,0.0,0.0,0.0,0.0,0.0,0.0,0.0,0.2469598390161991
00000000000000000041,1,,United States,united states,,5,45431,USA,USA.6_1,,,False,45432,2,United States,united states,Colorado,colorado,,,,,very big,,,25.06657276302576,12.533263713121414,0.0,443.9724788852036,23.461306739598516,1242.953387405723,0.0,0.0,0.0,0.0,4.198326759040356,2.7165643349289894,0.0,0.0,0.0,0.0,0.0,0.0,0.0,0.0
00000000000000000042,1,,United States,united states,,5,45432,USA,USA.6_1,,,False,45433,2,United States,united states,Colorado,colorado,,,,,very big,,,84.15186809003353,9.384454183280468,0.0,17.904559928923845,319.0721039362252,809.2893289215863,20.86803947761655,0.0,0.0,0.0,36.98220667615533,7.161865141242743,0.0,0.0,0.0,0.0,1.4200131110846996,0.0,0.0,6.235716629773378
00000000000000000043,1,,United States,united states,,5,45433,USA,USA.6_1,,,False,45434,2,United States,united states,Colorado,colorado,,,,,very big,,,103.7264824807644,36.4277717359364,0.0,20.93029697611928,2774.2499362565577,2182.5697995498776,0.987870842218399,0.0,0.0,0.0,135.83034191280603,13.583391513675451,0.0,0.0,0.0,0.0,0.0,0.0,0.6174168325960636,0.61741803586483
00000000000000000044,1,,United States,united states,,5,45434,USA,USA.6_1,,,False,45435,2,United States,united states,Colorado,colorado,,,,,very big,,,42.0455267727375,58.221523985266685,0.0,23.831970136612654,971.4330514743924,2217.6080003008246,2.160959020256996,0.0,0.0,0.0,156.57626870274544,116.69094767794012,0.0,0.0,0.0,0.0,0.0,0.0,0.0,2.9636195451021194
00000000000000000045,1,,United States,united states,,5,45435,USA,USA.6_1,,,False,45436,2,United States,united states,Colorado,colorado,,,,,very big,,,268.33117035776377,17.04072017595172,0.0,8.643743190914392,2649.040791966021,2885.7527687735856,1.85233473405242,0.0,0.0,0.0,88.1677689999342,99.15787461400032,0.0,0.0,0.0,0.0,0.0,0.0,0.0,0.185230690985918
00000000000000000046,1,,United States,united states,,5,45436,USA,USA.6_1,,,False,45437,2,United States,united states,Colorado,colorado,,,,,very big,,,29.69714685156941,212.6947902329266,0.0,1.358294554054737,281.5992306433618,1622.289073996246,0.0,0.0,0.0,0.0,0.0,3.642692696303129,0.0,0.0,0.0,0.0,0.0,0.0,0.0,0.0
00000000000000000047,1,,United States,united states,,5,45437,USA,USA.6_1,,,False,45438,2,United States,united states,Colorado,colorado,,,,,very big,,,52.78967947140336,589.4490844644606,0.0,0.6174130514264107,0.0,3173.9372023940086,0.0,0.0,0.0,0.0,0.0,0.1234800182282924,0.0,0.0,0.0,0.0,0.0,0.0,0.0,0.0
00000000000000000048,1,,United States,united states,,5,45790,USA,USA.6_1,,,False,45791,2,United States,united states,Colorado,colorado,,,,,very big,,,962.0387914292514,5920.451988562942,0.0,7183.025509648025,1086.240599039942,27937.52894487977,20.86534370109439,0.0,0.0,0.0,62.34402014315128,50.67163791880012,0.0,0.0,0.0614600144326686,0.0,0.0,0.0,0.0,16.384563989937305
00000000000000000049,1,,United States,united states,,5,45791,USA,USA.6_1,,,False,45792,2,United States,united states,Colorado,colorado,,,,,very big,,,39340.1134131141,80028.78459107131,0.0,50163.751342166215,297952.88847882673,487058.82756302506,2196.1595310494304,0.0,1.0428193882107737,0.3677915371954441,22149.94336859137,2241.524263430387,0.0,0.0,0.4904921315610409,22.434253223240376,52.19335752725601,0.0,21.43905470892787,165.22665321454406
0000000000000000004a,1,,United States,united states,,5,45792,USA,USA.6_1,,,False,45793,2,United States,united states,Colorado,colorado,,,,,very big,,,52653.98111898452,7431.883046738803,0.0,106750.11732812972,466596.6350971684,306787.7388533503,4997.281881999224,0.0,7.954164620488882,0.9832449741661548,32831.02535089478,2019.0190510861576,0.0,0.0,7.809829071164131,473.4461331553757,66.42858935892582,0.0,112.90252336114644,657.9807600975037
0000000000000000004b,1,,United States,united states,,5,45793,USA,USA.6_1,,,False,45794,2,United States,united states,Colorado,colorado,,,,,very big,,,40307.629453122616,80012.28994870931,0.0,59082.97669024021,395028.51001748815,385553.45976475626,1406.8746551014483,0.6763932220637798,1.7818891890347004,0.0,15339.522251803428,1235.36983313784,0.0,8.701215885579586,5.696307748556137,89.1841264218092,11.325732249766588,0.0,263.29647659882903,3047.8922172114253
0000000000000000004c,1,,United States,united states,,5,45794,USA,USA.6_1,,,False,45795,2,United States,united states,Colorado,colorado,,,,,very big,,,45262.92517565936,71320.1143187657,0.0,85718.72613782063,242271.2849845551,501262.1629817039,1432.6651459522543,0.9809145294129848,0.0,0.0,22002.84684844688,5784.75187497586,0.0,20.7513319849968,2.2730812057852745,0.0,12.888163655996324,0.0,101.43505107238887,6201.380962781608
0000000000000000004d,1,,United States,united states,,5,45795,USA,USA.6_1,,,False,45796,2,United States,united states,Colorado,colorado,,,,,very big,,,42169.99101887643,24201.339312624183,0.0,11110.140698127449,139781.610264536,758945.6376535371,658.4943564906716,6.840917970985174,0.0,0.0,2568.418855715543,1510.9311410933733,0.0,0.0614889785647392,2.8298971503973007,0.0,4.56058169528842,0.0,22.652115561068054,411.6786703951657
0000000000000000004e,1,,United States,united states,,5,45796,USA,USA.6_1,,,False,45797,2,United States,united states,Colorado,colorado,,,,,very big,,,18276.93503445387,46379.6057241112,0.0,3573.930115185678,12077.54458842054,900102.7189249136,36.29076152294874,0.6102339439094067,0.0,0.0,51.25819888710976,707.1808174438775,0.0,0.0,0.60976193100214,0.0,0.0,0.0,0.7311979569494724,187.7716144733131
0000000000000000004f,1,,United States,united states,,5,45797,USA,USA.6_1,,,False,45798,2,United States,united states,Colorado,colorado,,,,,very big,,,28303.2839769125,387602.45186311007,0.0,500.9981125332415,9.010012209415436,522418.6857325584,33.40308603644371,6.140924103558064,0.0,0.0,463.859078630805,6.725485850125551,0.0,3.735101379454136,0.0,0.0,0.0,0.0,0.0,56.53424356505275
00000000000000000050,1,,United States,united states,,5,46150,USA,USA.6_1,,,False,46151,2,United States,united states,Colorado,colorado,,,,,very big,,,976.66588081792,258.74063893035054,0.0,1724.2385495714843,14340.959731660783,35671.20217061043,25.23486414551735,0.0,0.0,0.0,83.91236111149192,150.63037049397826,0.0,0.0,0.1206859499216079,0.0,0.0,0.0,0.0,20.639747381210327
00000000000000000051,1,,United States,united states,,5,46151,USA,USA.6_1,,,False,46152,2,United States,united states,Colorado,colorado,,,,,very big,,,28228.29396248609,26503.562937315557,0.0,45969.573304630816,231134.76330031452,622432.543047484,941.8566663824022,0.0,0.0,0.3654618859291076,10597.43955662474,1987.992788232863,0.0,0.0,2.117966964840889,33.84257157891989,3.2831297405064106,0.0,10.605649944394829,476.97777184844017
00000000000000000052,1,,United States,united states,,5,46152,USA,USA.6_1,,,False,46153,2,United States,united states,Colorado,colorado,,,,,very big,,,53237.482877057046,26299.44788781181,0.0,58033.92370546609,382735.39220815897,402475.6024027616,4696.230748284608,2.5380952022969723,1.9379984363913536,3.933151990175247,37598.589363310486,2178.802294023335,0.0,0.9650133028626442,6.777081433683634,188.0540810786188,205.67381201684475,0.0,221.11297448724508,436.75442081317306
00000000000000000053,1,,United States,united states,,5,46153,USA,USA.6_1,,,False,46154,2,United States,united states,Colorado,colorado,,,,,very big,,,30582.228770453483,10884.359374798834,0.0,63036.00177439675,430455.8827653453,412589.1217479296,1185.2090889699757,0.0,0.7236521430313587,0.4825535975396633,17123.43668102473,1429.6112044639883,0.0,2.799991115927696,8.821384239941835,145.2244586981833,31.36183748021722,0.0603813678026199,193.36751633137465,654.5249330177903
00000000000000000054,1,,United States,united states,,5,46154,USA,USA.6_1,,,False,46155,2,United States,united states,Colorado,colorado,,,,,very big,,,47414.44727464393,15373.084473196415,0.0,17097.76492588967,374700.4862076081,497675.19008792937,3721.996845711023,3.889788880944252,0.0,0.3027274832129478,8145.251676540822,3291.559309475124,0.0,0.420880701392889,6.058729652315378,53.22622249275446,83.57397836446762,0.0,48.8467353284359,707.1182515583932
00000000000000000055,1,,United States,united states,,5,46155,USA,USA.6_1,,,False,46156,2,United States,united states,Colorado,colorado,,,,,very big,,,109837.6309758909,74930.37699980661,0.0,22457.30554997921,46318.33117354289,705399.3444433138,3008.3946518339217,57.79657486081123,0.0,0.0,4650.871045671403,549.1499588191509,0.0,1.8240559175610545,17.707199651747942,0.6072185561060905,16.695328511297703,0.0,130.30167380720377,946.8812653683126
00000000000000000056,1,,United States,united states,,5,46156,USA,USA.6_1,,,False,46157,2,United States,united states,Colorado,colorado,,,,,very big,,,27746.389276657254,189822.29570508003,0.0,10271.223259653896,82.39295925199986,731126.1911807358,5660.69196208939,2.4965105429291725,0.0607691816985607,0.0,642.6485727988183,34.14380385354161,0.0,9.372701168060305,11.99159750714898,0.0,30.24904540926218,0.0,57.0300420820713,2826.04072939232
00000000000000000057,1,,United States,united states,,5,46157,USA,USA.6_1,,,False,46158,2,United States,united states,Colorado,colorado,,,,,very big,,,32844.103168886155,475670.9092691242,0.0,1678.1253666691482,1.8252370543777945,406129.6171702817,2656.180279444903,27.740773621946573,0.0,0.0,4487.078923352063,1.0341132208704948,0.0,18.02379121631384,0.0608695857226848,0.0,24.008245795965195,0.0,0.304205872118473,1254.9373172782362
00000000000000000058,1,,United States,united states,,5,46510,USA,USA.6_1,,,False,46511,2,United States,united states,Colorado,colorado,,,,,very big,,,892.6746278144419,12.443104486912487,0.0,5378.4825810045,6522.93633550033,37396.00944985822,54.35800927877426,0.0,0.0,0.0,1.1326645612716677,59.81874193996191,0.0,0.0,0.0,0.0,0.0,0.0,0.180185317993164,10.619846668094397
00000000000000000059,1,,United States,united states,,5,46511,USA,USA.6_1,,,False,46512,2,United States,united states,Colorado,colorado,,,,,very big,,,54354.36908588186,21736.594589315355,0.0,53261.06171241775,201287.157896366,610555.254015319,2153.2857893817127,0.719325914978981,8.938171841204166,1.1988604627549648,9482.224423356354,1645.8491395637393,0.0,0.0,2.459201093763113,6.347935281693935,115.75313349068163,0.0,18.734474528580904,322.0615461505949
0000000000000000005a,1,,United States,united states,,5,46512,USA,USA.6_1,,,False,46513,2,United States,united states,Colorado,colorado,,,,,very big,,,44882.4883155711,10424.14085258916,0.0,49559.89506056905,484628.9555053823,334626.371024441,3361.2442385442555,1.132861863821745,8.997094847261906,1.9083475284278395,24598.770378436893,2125.4902497008443,0.0,0.4174772053956985,6.079373136162758,192.99935925006864,137.97055584564805,0.178580854088068,125.4196736998856,269.5503508709371
0000000000000000005b,1,,United States,united states,,5,46513,USA,USA.6_1,,,False,46514,2,United States,united states,Colorado,colorado,,,,,very big,,,58446.61012854055,3961.078811954707,0.0,105888.38643153755,484832.6929774992,287331.78252499923,5806.186196580529,0.3574257679283619,0.0,0.6531818881630898,6190.157105267048,1420.7634583301842,0.0,0.059337168931961,7.741019211709499,140.90455861389637,134.41780542209744,2.1422532945871358,327.4552873149514,460.6207967810333
0000000000000000005c,1,,United States,united states,,5,46514,USA,USA.6_1,,,False,46515,2,United States,united states,Colorado,colorado,,,,,very big,,,139931.75481763855,4623.689932163805,0.0,44574.70109343901,453590.9036710225,285330.7529712245,4372.2615914307535,95.9158656783402,0.5937123708426952,1.195278026163578,18546.62280432135,2531.6489228904247,0.0,28.95801104977727,4.591458819806576,266.8780241534114,110.023065764457,0.3562737666070461,105.4087159857154,835.7530905976892
0000000000000000005d,1,,United States,united states,,5,46515,USA,USA.6_1,,,False,46516,2,United States,united states,Colorado,colorado,,,,,very big,,,189641.38814060765,220423.67791923508,0.0,1423.3802611865103,38802.60162477568,461323.4290558808,2686.0392715781927,114.44379699975252,0.4160822629928589,0.0,39609.57117499039,500.67960526049137,0.0,15.532773982733488,1.6041050478816032,0.0,54.98328680917621,0.0,9.167023699730636,345.0951778553426
0000000000000000005e,1,,United States,united states,,5,46516,USA,USA.6_1,,,False,46517,2,United States,united states,Colorado,colorado,,,,,very big,,,31009.534225463867,442646.7937731892,0.0,673.1297788023949,89.12809441611171,480181.5782162584,35.99217488989234,0.4192367978394031,0.0,0.0,144.7585396282375,6.271427441388369,0.0,1.7894524782896042,0.0,0.0,0.0,0.0,0.0,162.61438100785017
0000000000000000005f,1,,United States,united states,,5,46517,USA,USA.6_1,,,False,46518,2,United States,united states,Colorado,colorado,,,,,very big,,,35839.81479823589,433585.0217892304,0.0,199.565444201231,2.5045570582151413,433366.1883897856,41.07549136132002,7.926824141293764,8.700005505234003,0.0,6500.476946510375,4.2915973998606205,0.0,8.008997786790133,0.4172175154089927,0.0,98.32119131460786,0.0,0.2385784424841404,103.80292082205416
00000000000000000060,1,,United States,united states,,5,46870,USA,USA.6_1,,,False,46871,2,United States,united states,Colorado,colorado,,,,,very big,,,881.3326678536832,78.5234329663217,0.0,2831.235643293709,6712.526672065258,36762.81022218615,81.9124215990305,0.0,0.0,0.0,65.44082478806376,44.70767106115818,0.0,0.0,0.0,0.0,0.0,0.0,0.0,47.29023199900985
00000000000000000061,1,,United States,united states,,5,46871,USA,USA.6_1,,,False,46872,2,United States,united states,Colorado,colorado,,,,,very big,,,14845.534579984844,6118.673140574247,0.0,48261.59112369269,49683.22648154199,812528.8811456263,2064.084152288735,0.4737848713994026,0.0,0.0,6073.904139969498,930.975777413696,0.0,0.0,1.063547682017088,0.0,0.0,0.0,11.51983457058668,744.6771399118006
00000000000000000062,1,,United States,united states,,5,46872,USA,USA.6_1,,,False,46873,2,United States,united states,Colorado,colorado,,,,,very big,,,31678.933601893485,35581.02392207086,0.0,9013.946259215474,237738.5053321086,599174.3677084446,1653.9735003747046,2.9470992125570774,0.0,0.0,24551.32914648205,1389.2305420823395,0.0,4.0580443032085896,6.119319263845682,0.0,0.0,0.0,71.13413721695542,419.592064127326
00000000000000000063,1,,United States,united states,,5,46873,USA,USA.6_1,,,False,46874,2,United States,united states,Colorado,colorado,,,,,very big,,,41645.107962839305,30534.0627194196,0.0,27100.4759054482,390980.4860528112,412731.2405349873,4988.445644270629,0.0588098131120204,0.0,0.0,28221.79174735025,919.7279452867806,0.0,0.7086039371788502,15.890910658985376,0.0,0.0,0.5266256481409073,455.4090694114566,3255.171318400651
00000000000000000064,1,,United States,united states,,5,46874,USA,USA.6_1,,,False,46875,2,United States,united states,Colorado,colorado,,,,,very big,,,94805.64926209672,47148.15245022625,0.0,45130.36830192804,401363.4624217861,285437.61318611354,14330.360763132572,155.6910992451012,0.0,0.0,50145.859691951424,1357.7716419287026,0.0,37.40424174815416,9.017337456345558,0.0,0.0,79.71013346686959,204.5592230632901,674.7302486486733
00000000000000000065,1,,United States,united states,,5,46875,USA,USA.6_1,,,False,46876,2,United States,united states,Colorado,colorado,,,,,very big,,,91159.59571014345,329825.3585989661,0.0,2895.9172891378403,325.12441071495414,468857.1773663648,8329.17091615498,187.09822780638933,0.0,0.0,36664.1073856689,23.711558520793915,0.0,259.25227841734886,8.135979756712914,0.0,0.0,0.0,63.134267307817936,2605.2116188257933
00000000000000000066,1,,United States,united states,,5,46876,USA,USA.6_1,,,False,46877,2,United States,united states,Colorado,colorado,,,,,very big,,,46419.300835277885,278266.39811556786,0.0,1919.506233599037,16.132674861699343,588188.414650783,2476.830340456217,33.68561128526926,0.0,0.0,21313.10401364416,11.065882205963137,0.0,66.82684277370572,3.5320746786892414,0.0,0.0,0.0,1.946746114641428,2568.416655607521
00000000000000000067,1,,United States,united states,,5,46877,USA,USA.6_1,,,False,46878,2,United States,united states,Colorado,colorado,,,,,very big,,,44317.30211217701,525772.7141854949,0.0,413.79101882874966,13.874136205762625,264264.4602863863,743.2980887182057,152.52812110632658,0.0,0.0,57262.1142443046,6.524963982403278,0.0,237.7555064447224,0.2359154447913169,0.0,0.0,0.0,0.1180770248174667,1420.3889740593731
00000000000000000068,1,,United States,united states,,5,47230,USA,USA.6_1,,,False,47231,2,United States,united states,Colorado,colorado,,,,,very big,,,0.0583970211446285,0.0,0.0,0.0,0.0,0.1751910634338855,0.0,0.0,0.0,0.0,0.0,0.0,0.0,0.0,0.0,0.0,0.0,0.0,0.0,0.0
00000000000000000069,1,,United States,united states,,5,47231,USA,USA.6_1,,,False,47232,2,United States,united states,Colorado,colorado,,,,,very big,,,0.8175521902740002,2.8030561357736588,0.0,26.16171247139573,9.752302531152964,431.258401107043,0.0,0.0,0.0,0.0,0.0,0.0,0.0,0.0,0.0,0.0,0.0,0.0,0.0,0.0
0000000000000000006a,1,,United States,united states,,5,47232,USA,USA.6_1,,,False,47233,2,United States,united states,Colorado,colorado,,,,,very big,,,235.0425762347877,292.5036905966699,0.0,28.38044297322631,233.69865438714623,1658.6736322678626,7.007515981793404,0.0,0.0,0.0,441.00536646321416,3.3869562186300755,0.0,0.0,0.2919770441949367,0.0,0.0,0.0,0.7591462507843971,6.890718687325716
0000000000000000006b,1,,United States,united states,,5,47233,USA,USA.6_1,,,False,47234,2,United States,united states,Colorado,colorado,,,,,very big,,,22.83263118192553,15.708327751606705,0.0,43.15422307699919,1442.2509184107184,779.6399433910847,0.7007612064480782,0.0,0.0,0.0,0.2919733300805092,2.744592666625977,0.0,0.0,0.0,0.0,0.0,0.0,1.6350679844617844,3.036558579653501
0000000000000000006c,1,,United States,united states,,5,47234,USA,USA.6_1,,,False,47235,2,United States,united states,Colorado,colorado,,,,,very big,,,0.0,0.0,0.0,0.0,0.0,0.0,0.0,0.0,0.0,0.0,0.0,0.0,0.0,0.0,0.0,0.0,0.0,0.0,0.0,0.0
0000000000000000006d,1,,United States,united states,,5,47235,USA,USA.6_1,,,False,47236,2,United States,united states,Colorado,colorado,,,,,very big,,,87.4183287806809,387.51695443317294,0.0,0.5255620777606964,0.0,1450.6678746305406,0.0,0.0,0.0,0.0,0.0,0.0,0.0,0.0,0.0,0.0,0.0,0.0,0.0,0.0
0000000000000000006e,1,,United States,united states,,5,47236,USA,USA.6_1,,,False,47237,2,United States,united states,Colorado,colorado,,,,,very big,,,55.88473556935787,840.3746812269092,0.0,0.11679208278656,0.0,1683.087784677744,0.0,0.0,0.0,0.0,1.693455010652542,0.0,0.0,0.0,0.0,0.0,0.0,0.0,0.0,0.1751886717975139
0000000000000000006f,1,,United States,united states,,5,47237,USA,USA.6_1,,,False,47238,2,United States,united states,Colorado,colorado,,,,,very big,,,74.27916578948498,1234.7240585312247,0.0,0.1751871407032013,0.0,998.6861014291644,1.1679201573133469,0.1167912073433399,0.0,0.0,115.68262472748756,0.0,0.0,0.0,0.0,0.0,0.0,0.0,0.0,1.868677221238613
00000000000000000070,0,,Czechia,czechia,,6,49873,CZE,,,,False,49874,2,Czechia,czechia,,,,,,,small,,,6773.1145994775,12904.163313418629,0.0,18.219684589654207,14481.411902684718,1777.7597928531468,183.01567531004548,0.2552940994501114,17.228045970201492,526.8982415795326,1220.696001186967,27394.067919917405,0.0,0.306531585752964,28.255877930670977,243.47257804870603,14.314709328114986,0.0,76.37749729305506,2.7043005041778088
00000000000000000071,0,,Czechia,czechia,,6,49874,CZE,,,,False,49875,2,Czechia,czechia,,,,,,,small,,,60453.59968101606,89268.86775003374,0.0,117.88730346411468,32426.97970238328,3867.8840984366834,8212.523522473872,0.2549081742763519,64.7045964077115,1823.9143210351467,3515.649240575731,85842.91262769327,0.0,19.257730524986982,84.11104870215058,367.89644407108426,60.5219856351614,0.0,70.77968888357282,79.15890960395336
00000000000000000072,0,,Czechia,czechia,,6,49875,CZE,,,,False,49876,2,Czechia,czechia,,,,,,,small,,,12642.97472513467,31516.90663991496,0.0,38.73395799100399,11520.22401241958,632.6306286081672,762.0499690361321,0.1526879146695137,9.869597390294077,293.0749242976308,1373.002366155386,6477.719814386219,0.0,0.5601874217391014,2.393082093447447,5.088034760206938,1.7810394428670406,0.0,17.583980064839125,12.231987364590168
00000000000000000073,0,,Czechia,czechia,,6,49876,CZE,,,,False,49877,2,Czechia,czechia,,,,,,,small,,,35000.82117662206,142715.29422818124,0.0,82.72611126303673,20138.22215129808,2145.62847199291,4833.515954833478,0.0,0.0,0.0,448.2873522080481,1944.8279268853369,0.0,17.957751359790564,130.5668145790696,0.0,0.0,0.0,712.4618870466948,222.3082159012556
00000000000000000074,0,,Czechia,czechia,,6,49877,CZE,,,,False,49878,2,Czechia,czechia,,,,,,,small,,,17110.0186044313,57131.28233653307,0.0,67.6311789676547,21696.286666952077,1583.9588084220886,733.2966918349266,0.101788081228733,0.0,0.0,520.9042629748583,8320.993957176805,0.0,4.635761447250843,101.44651624187829,23.82626385986805,4.499476511031389,0.0,284.0671307556331,60.2791792973876
00000000000000000075,0,,Czechia,czechia,,6,50232,CZE,,,,False,50233,2,Czechia,czechia,,,,,,,small,,,55188.23041929677,91982.57300221176,0.0,98.47629007697104,16032.185555413364,1707.912102680653,1245.6364268884065,3.2708541452884674,49.43970553204417,668.9841987416148,3751.018559213728,63190.18581774086,0.0,4.251237012445927,23.164995707571507,176.790731433779,22.481875218451023,0.0,13.829512633383274,28.495544623583555
00000000000000000076,0,,Czechia,czechia,,6,50233,CZE,,,,False,50234,2,Czechia,czechia,,,,,,,small,,,217316.07658552376,287387.04939460754,0.0,355.1208820231259,69799.51669514179,8559.128560189158,4134.596980333328,4.840899605304003,15.370744552463291,561.0747688636184,8959.746248144656,155925.56083615124,0.0,5.620599649846554,31.95415699481964,108.97295286878943,9.948668215423822,0.0,99.13311700895429,67.05746518820524
00000000000000000077,0,,Czechia,czechia,,6,50234,CZE,,,,False,50235,2,Czechia,czechia,,,,,,,small,,,254611.44926270843,336642.9860996343,0.0,431.6143381632865,69137.26547532529,7567.451105833054,15187.30804547295,2.519093330949545,5.438745394349098,55.81766944751144,10092.182491146028,110822.74569009616,0.0,64.65349138528109,355.7749288007617,34.76756716892123,5.253566384315491,0.0,258.50352427735925,303.70959778502584
00000000000000000078,0,,Czechia,czechia,,6,50235,CZE,,,,False,50236,2,Czechia,czechia,,,,,,,small,,,243969.1361437142,370331.64687535167,0.0,1160.626368228346,43366.226009994745,9380.456719335169,7013.578361991793,22.54040314629674,74.2919926866889,810.1917358674109,25336.3484050557,102766.11183361337,0.0,51.47916850447655,89.1249983124435,215.26410100981596,31.39049033075571,0.0,86.84767790138721,79.0245549120009
00000000000000000079,0,,Czechia,czechia,,6,50236,CZE,,,,False,50237,2,Czechia,czechia,,,,,,,small,,,209920.04011338577,351629.64743796736,0.0,834.4178749136627,119755.0352701731,7802.486978564411,2895.428797956556,1.408074364066124,14.391339618712664,425.83716379478574,14344.74261783436,97792.53376352788,0.0,6.478990904986858,14.058055840432644,26.53008845075965,11.13346229866147,0.0,103.20268564298748,47.17051321268082
0000000000000000007a,0,,Czechia,czechia,,6,50237,CZE,,,,False,50238,2,Czechia,czechia,,,,,,,small,,,172767.2652618736,383051.41617629305,0.0,657.1911881938577,160598.7020964995,10988.35881446302,3925.547737646848,12.670475546270607,2.891841135919094,105.8967301249504,18799.02069450915,50954.82273711264,0.0,8.265471432358027,38.2426367290318,13.160348787903786,0.0,0.0,174.02867820113897,89.80971830710769
0000000000000000007b,0,,Czechia,czechia,,6,50238,CZE,,,,False,50239,2,Czechia,czechia,,,,,,,small,,,81635.82200402394,114073.78036567196,0.0,210.7521951571107,87663.46732111648,4763.819197658449,2760.105769403279,3.0683627985417843,22.321409951895475,289.2760476209223,4470.683144476265,55802.27154414356,0.0,3.4050114527344704,23.38457513600588,124.98904560506344,5.983892310410738,0.0,106.64862613379955,113.82873325422406
0000000000000000007c,0,,Czechia,czechia,,6,50592,CZE,,,,False,50593,2,Czechia,czechia,,,,,,,small,,,62639.52527231351,72869.93229711428,0.0,218.98075613752007,18857.87028657645,2163.272286567837,2369.3110098280013,7.0919964127242565,7.319860067218542,385.0927083194256,2762.646107945591,67444.5993982926,0.0,6.558160703629255,43.77705452591181,174.84991106390953,3.5602190643548965,0.0,61.5881043933332,40.79246159270406
0000000000000000007d,0,,Czechia,czechia,,6,50593,CZE,,,,False,50594,2,Czechia,czechia,,,,,,,small,,,100027.76106656344,264422.1955223568,0.0,272.53465370088816,91777.46276584268,7122.615516476333,4030.021370194853,1.77616935223341,11.484186485409737,726.4186775907874,1891.883310224861,42085.499767843634,0.0,4.601605746895075,38.66080157086253,334.7692645490169,12.259362418204546,0.0,168.3919764570892,129.23336769267917
0000000000000000007e,0,,Czechia,czechia,,6,50594,CZE,,,,False,50595,2,Czechia,czechia,,,,,,,small,,,177119.41994340718,327689.2776926346,0.0,741.4383168593049,85238.06444635242,5556.703780498356,4980.888175625354,1.7137531042099,20.84757601469755,531.5295144692063,5431.474788699299,95527.241422873,0.0,35.38874668255448,651.650797098875,429.7222034186125,54.90914923325181,0.0,427.7349193133414,167.25378730520606
0000000000000000007f,0,,Czechia,czechia,,6,50595,CZE,,,,False,50596,2,Czechia,czechia,,,,,,,small,,,154930.001136519,307533.929754477,0.0,349.02483486384153,88972.82412969694,6620.38138923049,4096.490910429508,0.6392704509198666,10.58239023387432,305.8723164834082,4713.715485334396,84156.12237128615,0.0,26.59551304578781,721.172421362251,536.645385608077,77.72135176509619,0.0,670.2788597159088,184.32538882270453
00000000000000000080,0,,Czechia,czechia,,6,50596,CZE,,,,False,50597,2,Czechia,czechia,,,,,,,small,,,61844.71060807258,119305.77616269514,0.0,169.14045222476125,44769.966273747385,3514.637216821313,1371.832493469119,0.4956987127661705,0.9463526867330074,115.50936437770724,3136.8558535315096,58503.734640900046,0.0,0.546438179910183,43.14298262447119,53.20085532218218,3.033393643796444,0.0,70.9382915943861,21.880351789295677
00000000000000000081,0,,Czechia,czechia,,6,50597,CZE,,,,False,50598,2,Czechia,czechia,,,,,,,small,,,23464.1377046071,57158.70454928279,0.0,169.1338259987533,48951.80757406727,3591.514477659017,189.3059774897993,3.6248495429754257,0.0497668199241161,64.63830734416842,8831.957681592554,42994.73683571443,0.0,0.6446705348789692,1.587841659784317,211.68585551157597,1.8414739146828647,0.0,7.046328574419022,14.368792459368706
00000000000000000082,0,,Czechia,czechia,,6,50598,CZE,,,,False,50599,2,Czechia,czechia,,,,,,,small,,,566.4392319470644,2840.234847053885,0.0,0.0,32.14122738689184,2.242495112121105,4.983476314693689,0.0,0.0,0.0,0.1993016898632049,7.425444137305021,0.0,0.0,0.0,0.0,0.0,0.0,0.0,0.0
00000000000000000083,0,,Czechia,czechia,,6,50954,CZE,,,,False,50955,2,Czechia,czechia,,,,,,,small,,,1634.2107154242694,2566.635041896254,0.0,3.90437875688076,644.8590026199818,81.72221503779292,25.52069479599595,0.0,0.0,0.0,138.90480510517955,2079.232941430062,0.0,0.0,0.0,0.0,0.0,0.0,0.2439430281519889,0.2439956031739711
00000000000000000084,0,,Czechia,czechia,,6,50955,CZE,,,,False,50956,2,Czechia,czechia,,,,,,,small,,,294.09282951429486,980.221136879176,0.0,0.0,333.93236842006445,29.96203133836389,3.512055967003107,0.0,0.0,0.0,15.274937089532614,203.310500215739,0.0,0.0,0.0975648276507854,0.0,0.0,0.0,2.244605962187052,0.1951384916901588
00000000000000000085,0,,Gambia,gambia,,7,37243,GMB,,,,False,37244,2,Gambia,gambia,,,,,,,small,,,44023.94202044606,97785.94920927286,41176.33422867954,1041.9534715265036,45699.32096461207,41702.912639424205,10795.355423100293,330.85598776489496,96.52951250970364,11.311242185533048,11717.11522527039,519.2149721682072,0.0,1756.6600337401032,60.2325783148408,220.02316761016849,6999.843306817114,0.0,7657.454432561994,7822.094335377216
00000000000000000086,0,,Gambia,gambia,,7,37244,GMB,,,,False,37245,2,Gambia,gambia,,,,,,,small,,,10518.697938114405,117946.70460125804,23359.935755357143,499.2634618580341,43236.106642864645,51951.6375176087,12728.497753985226,290.09349432587624,138.77998250722885,46.10938026756048,38916.58514465392,612.0229302719235,0.0,5026.019207581878,113.25711587816475,143.15183975547552,15466.760101504624,0.0,5097.5984704345465,30110.928752698004
00000000000000000087,0,,Gambia,gambia,,7,37245,GMB,,,,False,37246,2,Gambia,gambia,,,,,,,small,,,9901.421880744398,131718.04925192147,0.0,163.21367614716291,56797.08802840114,85769.66997048259,5534.362861804664,131.2817016094923,0.374036394059658,5.685262575745583,18253.69029302895,327.3960885778069,0.0,2776.145510032773,107.93626541644336,132.19872992485762,635.6701739802957,0.0,12705.757266022263,14800.246832557024
00000000000000000088,0,,Gambia,gambia,,7,37246,GMB,,,,False,37247,2,Gambia,gambia,,,,,,,small,,,1756.6929400265217,17766.093289345503,0.0,29.575625859200954,10234.318061895669,15892.52003748715,465.27163268625736,25.31006719917059,0.0,0.0,1598.4359242990613,34.8186851516366,0.0,82.51704826205969,12.653723254799845,0.0,7.113176576793194,0.0,1643.7888318374753,2122.744541168213
00000000000000000089,0,,New Zealand,new zealand,,8,13668,NZL,,,,False,13669,2,New Zealand,new zealand,,,,,,,medium,,,0.0,0.0,0.0,0.7076339684426785,0.0,4.623198974877596,0.0,0.0,0.0,0.0,0.0,0.0,0.0,0.0,0.0,0.0,0.0,0.0,0.0,0.0
0000000000000000008a,0,,New Zealand,new zealand,,8,13669,NZL,,,,False,13670,2,New Zealand,new zealand,,,,,,,medium,,,0.0,0.0,0.0,72.73656980320811,0.0,7350.751120384783,0.0,0.0,0.0,0.0,0.0,0.0,0.0,0.0,0.0,0.0,0.0,0.0,0.0,0.0
0000000000000000008b,0,,New Zealand,new zealand,,8,14385,NZL,,,,False,14386,2,New Zealand,new zealand,,,,,,,medium,,,0.0,0.0,0.0,82.11114935576916,0.0,8971.829786777496,0.0,0.0,0.0,0.0,0.0,0.0,0.0,0.0,0.0,0.0,0.0,0.0,0.0,0.0
0000000000000000008c,0,,New Zealand,new zealand,,8,14386,NZL,,,,False,14387,2,New Zealand,new zealand,,,,,,,medium,,,0.0,0.0,0.0,151.85406228527427,0.0,32719.04677681997,0.0,0.0,0.0,0.0,0.0,0.0,0.0,0.0,0.0,0.0,0.0,0.0,0.0,0.0
0000000000000000008d,0,,New Zealand,new zealand,,8,14758,NZL,,,,False,14759,2,New Zealand,new zealand,,,,,,,medium,,,0.0,0.0,0.0,0.0,0.0,0.0,0.0,0.0,0.0,0.0,0.0,0.0,0.0,0.0,0.0,0.0,0.0,0.0,0.0,0.0
0000000000000000008e,0,,New Zealand,new zealand,,8,15106,NZL,,,,False,15107,2,New Zealand,new zealand,,,,,,,medium,,,0.0,0.0,0.0,0.0,0.0,0.0,0.0,0.0,0.0,0.0,0.0,0.0,0.0,0.0,0.0,0.0,0.0,0.0,0.0,0.0
0000000000000000008f,0,,New Zealand,new zealand,,8,15467,NZL,,,,False,15468,2,New Zealand,new zealand,,,,,,,medium,,,0.0,0.0,0.0,249.17905797064304,40844.626009717584,27166.121753275394,65.77968076243997,0.0,0.0,0.0526132397353649,0.0,0.0,0.0,0.0,0.0,749.1751360222697,537.8818222731352,0.0,0.1580237187445163,1002.1053618006408
00000000000000000090,0,,New Zealand,new zealand,,8,15468,NZL,,,,False,15469,2,New Zealand,new zealand,,,,,,,medium,,,0.0,0.0,0.0,0.2112118788063526,17161.56461204961,118.20137412846088,8.179131086915731,0.0,0.0,0.0,0.0,0.1054728403687477,0.0,0.0,0.0527559891343116,991.416459467262,28.649656619876623,0.0,0.4220101945102215,102.6285141557455
00000000000000000091,0,,New Zealand,new zealand,,8,15479,NZL,,,,False,15480,2,New Zealand,new zealand,,,,,,,medium,,,0.0,0.0,0.0,0.0,0.0,0.0,0.0,0.0,0.0,0.0,0.0,0.0,0.0,0.0,0.0,0.0,0.0,0.0,0.0,0.0
00000000000000000092,0,,New Zealand,new zealand,,8,15826,NZL,,,,False,15827,2,New Zealand,new zealand,,,,,,,medium,,,0.0,0.0,0.0,256.71055194735527,55289.65070480481,6561.717271987349,979.9411960989236,0.0,0.0,0.0,0.0,0.0,0.0,0.0,0.0,1165.3527534753084,47.36565208807588,0.0,0.0,77.3567972779274
00000000000000000093,0,,New Zealand,new zealand,,8,15827,NZL,,,,False,15828,2,New Zealand,new zealand,,,,,,,medium,,,212.1467258296907,78.36250744387507,0.0,861.5091082826257,173069.43075285107,25545.46969184652,6501.099406942725,0.0,248.4303091801703,216.12215829268095,54255.57568565011,11841.102434046566,2.3111470751464367,0.0,0.0,6503.268602538854,4097.757481686771,0.0,0.0,6581.241607449949
00000000000000000094,0,,New Zealand,new zealand,,8,15828,NZL,,,,False,15829,2,New Zealand,new zealand,,,,,,,medium,,,5522.670280601829,2226.665242731571,0.0,500.1666329279542,44579.80795326084,34723.646778490394,1973.2467060089111,0.0,2011.8450136445465,848.9334429875016,343388.0340504572,16671.61015918851,150.44950610771775,0.0,207.82288473844528,927.2734436914324,12792.74706562981,0.0,0.8469331748783588,8587.255907502025
00000000000000000095,0,,New Zealand,new zealand,,8,15829,NZL,,,,False,15830,2,New Zealand,new zealand,,,,,,,medium,,,969.5288746505976,2491.5631772987545,0.0,332.70534232631326,86586.53152576461,70876.9457334578,2035.0904400348663,0.0,1326.3414968177676,94.0449128895998,237081.3321424052,50386.84430608153,7.993638891726732,0.0,0.0,483.7099440656602,818.4039906263351,0.0,0.0,2129.956776022911
00000000000000000096,0,,New Zealand,new zealand,,8,15830,NZL,,,,False,15831,2,New Zealand,new zealand,,,,,,,medium,,,95.88647540658712,9.669558629393578,0.0,48.41190032660961,4797.187064953148,3614.912493444979,892.9576762504876,0.0,80.84542015939951,44.11505329981446,10956.71836571768,12736.995782133192,30.34777234122157,0.0,0.0,4.301758605986834,154.72190633416176,0.0,0.0,393.4417162723839
00000000000000000097,0,,New Zealand,new zealand,,8,16186,NZL,,,,False,16187,2,New Zealand,new zealand,,,,,,,medium,,,0.0,0.0,0.0,976.258034195751,183756.2354622595,28950.87798063457,3756.2953270860016,0.0,0.0,0.0,0.0,0.0,0.0,0.0,0.0,3296.28542419523,54.97262670844793,0.0,1.7400445453822613,70.34900034591556
00000000000000000098,0,,New Zealand,new zealand,,8,16187,NZL,,,,False,16188,2,New Zealand,new zealand,,,,,,,medium,,,505.542045917362,62.362581588327885,0.0,27687.3067099005,412312.5582977124,221529.22745549303,65623.53059373051,0.0,559.113955039531,323.6022534258664,83299.79337542132,18836.29972260073,48.2231206856668,0.0,0.0,9878.106417100877,2396.8784546777606,12.06419337540865,3.934225343167782,11861.094461351631
00000000000000000099,0,,New Zealand,new zealand,,8,16188,NZL,,,,False,16189,2,New Zealand,new zealand,,,,,,,medium,,,1747.920205179602,7767.425869707018,0.0,18890.67614398152,108229.73671341316,453870.3398285992,24799.294795509428,0.0,239.442134719342,141.9398137703538,207334.6667318568,38706.49319877103,36.19482248276472,0.0,0.0,593.0687646307051,1201.2421721965077,16.151946261525154,0.0,5074.902233861387
0000000000000000009a,0,,New Zealand,new zealand,,8,16189,NZL,,,,False,16190,2,New Zealand,new zealand,,,,,,,medium,,,1836.394106335938,8271.84547124803,0.0,881.113556470722,28827.437084011734,564338.0626016036,7900.838030766696,0.0,463.1927248127759,323.4196933247149,192913.54320283237,50198.77287122235,625.3258720450103,0.0,0.0,906.298590414226,1818.2417165748773,0.0,0.0,9345.009851507844
0000000000000000009b,0,,New Zealand,new zealand,,8,16190,NZL,,,,False,16191,2,New Zealand,new zealand,,,,,,,medium,,,7323.759624648839,7678.14412523061,0.0,1845.1135081350803,42748.12027139589,306239.09842615575,1540.2525887787342,0.0,235.27286871895197,109.59371408075094,227818.3060646728,54153.621638480574,373.881247587502,0.0,0.0,690.4846288748085,702.8077718615532,0.0,0.1081103272736072,4429.933756165206
0000000000000000009c,0,,New Zealand,new zealand,,8,16191,NZL,,,,False,16192,2,New Zealand,new zealand,,,,,,,medium,,,25.610662270337343,615.126536257565,0.0,27.46734715625644,0.0,116.41189412772655,19.093626108020544,0.0,0.0,0.0,2970.911465894431,50.1407443843782,19.753012381494045,0.0,0.0,0.0,0.0,0.0,0.0,0.0
0000000000000000009d,0,,New Zealand,new zealand,,8,16203,NZL,,,,False,16204,2,New Zealand,new zealand,,,,,,,medium,,,0.0,0.0,0.0,100.63225739076734,0.0,21315.633598234504,0.0,0.0,0.0,0.0,0.0,0.0,0.0,0.0,0.0,0.0,0.0,0.0,0.0,0.0
0000000000000000009e,0,,New Zealand,new zealand,,8,16547,NZL,,,,False,16548,2,New Zealand,new zealand,,,,,,,medium,,,17.84345157817006,0.0,0.0,11381.299338769168,137967.97720646486,68781.73331534117,4203.207036282867,0.0,0.0,0.0,0.0,0.055075068026781,0.0,0.0,0.0553929917514324,3965.0734539702535,354.12898621335626,849.6441744193435,0.1100013554096221,85.89403323829174
0000000000000000009f,0,,New Zealand,new zealand,,8,16548,NZL,,,,False,16549,2,New Zealand,new zealand,,,,,,,medium,,,542.4969969466329,363.75057669728994,0.0,84186.3021630235,276764.43315600976,384361.2918875851,17997.558976147324,0.0,215.4701106324792,37.66098268330097,13342.746918004006,1510.4705602414906,7.727060537785292,0.0,0.0,4299.133371729404,2129.713694859296,25069.837654188275,0.0,5887.074596084654
000000000000000000a0,0,,New Zealand,new zealand,,8,16549,NZL,,,,False,16550,2,New Zealand,new zealand,,,,,,,medium,,,1689.8033048659563,6832.124724980444,0.0,57108.48834329471,101791.20336877182,598919.4848910682,44806.03181895614,0.0,34.98602715134621,10.75215818732977,62582.48456915096,4384.296479038894,417.5584014579654,0.0,0.0,21.879984226077795,62.86928814277053,1630.6906853727996,0.0,3444.2983805015683
000000000000000000a1,0,,New Zealand,new zealand,,8,16550,NZL,,,,False,16551,2,New Zealand,new zealand,,,,,,,medium,,,684.406553439796,14245.956830400974,0.0,13022.095553766936,10714.512246236203,576854.4454533085,27121.39832624048,0.0,0.0,0.0,212639.23377450928,26058.35148143396,151.25593592971563,0.0,0.0,0.0,0.0,0.0,0.0,2245.296269860118
000000000000000000a2,0,,New Zealand,new zealand,,8,16551,NZL,,,,False,16552,2,New Zealand,new zealand,,,,,,,medium,,,3758.461769796908,55269.3458998017,0.0,901.5037168376148,2624.148375082761,20139.17746603489,2215.8548308052123,0.0,0.0,0.0,176065.46017526463,16845.155747696757,516.8912890143692,0.0,0.0,0.0,0.0,0.0,0.0,429.4654640182853
000000000000000000a3,0,,New Zealand,new zealand,,8,16563,NZL,,,,False,16564,2,New Zealand,new zealand,,,,,,,medium,,,0.0,0.0,0.0,763.2765522412956,0.0,42229.39467499778,0.0,0.0,0.0,0.0,0.0,0.0,0.0,0.0,0.0,0.0,0.0,0.0,0.0,0.0
000000000000000000a4,0,,New Zealand,new zealand,,8,16908,NZL,,,,False,16909,2,New Zealand,new zealand,,,,,,,medium,,,17.730765614658594,3.57012602686882,0.0,95.9163960032165,13295.019485283645,1275.5652751773596,610.9351316094398,0.0,0.0,0.0,810.8514595404267,0.0,0.0,0.0,0.0,0.0,0.0,0.0,0.2787170484662056,3312.458844102919
000000000000000000a5,0,,New Zealand,new zealand,,8,16909,NZL,,,,False,16910,2,New Zealand,new zealand,,,,,,,medium,,,21.290156945586205,0.0,0.0,35827.08952353522,198077.57477223876,96391.05726194754,5382.796014495194,0.0,0.0,0.0,5109.164535533637,9.60492903739214,0.0,0.0,0.0,0.0,0.0,9605.55700037256,0.0,7271.381990034133
000000000000000000a6,0,,New Zealand,new zealand,,8,16910,NZL,,,,False,16911,2,New Zealand,new zealand,,,,,,,medium,,,163.28074659779668,750.7564498893917,0.0,198021.5765565112,146146.13633746654,350729.9450428039,29724.361204002053,0.0,0.0,0.0,32933.20746650174,9605.088967662305,511.1941013224423,0.0,0.0,0.0,0.0,47873.00627723336,0.0,9579.238278590145
000000000000000000a7,0,,New Zealand,new zealand,,8,16911,NZL,,,,False,16912,2,New Zealand,new zealand,,,,,,,medium,,,2110.200930349529,68598.51139162108,0.0,82727.37222826108,78752.91331245378,383897.34264221415,14619.113630931824,0.0,0.0,0.0,238937.67411494252,20957.75979323685,1071.2302050106227,0.0,0.0,0.0,0.0,1892.7531289458277,0.0,4036.281576048583
000000000000000000a8,0,,New Zealand,new zealand,,8,16912,NZL,,,,False,16913,2,New Zealand,new zealand,,,,,,,medium,,,25563.49363175407,69392.2878072001,0.0,3988.7260061241686,50532.63754173368,142036.97347812355,25988.344425234944,0.0563783198595047,0.0,0.0,292789.2701842934,42943.419907871634,541.659325055778,1.6908299066126349,0.0,0.0,0.0,0.0,0.0,3726.588347706944
000000000000000000a9,0,,New Zealand,new zealand,,8,16913,NZL,,,,False,16914,2,New Zealand,new zealand,,,,,,,medium,,,12.238335695117712,46.57392261177301,0.0,18.211271159350872,3091.4207940734923,11457.853755265474,5.445789065212011,0.0,0.0,0.0,7030.536819282919,968.050661213696,0.0,0.0,0.0,0.0,0.0,0.0,0.0,1.0190420150756836
000000000000000000aa,0,,New Zealand,new zealand,,8,17270,NZL,,,,False,17271,2,New Zealand,new zealand,,,,,,,medium,,,416.01757956296206,0.0,0.0,888.2592836208642,30045.25201304257,9111.716129675508,1266.4770846776664,0.0,0.0,0.0,4667.506002314389,3139.006539899856,12.654468722641468,0.0,0.0,0.0,0.0,0.0,0.0,1868.1550866551695
000000000000000000ab,0,,New Zealand,new zealand,,8,17271,NZL,,,,False,17272,2,New Zealand,new zealand,,,,,,,medium,,,1454.2831157296896,33.834847792983055,0.0,23583.20058439672,475142.1770956926,154121.3622065857,12316.115512795746,0.0,0.0,0.0,61370.58529739082,27826.051019329578,82.68228166922927,0.0,0.0,0.0,0.0,1193.7981715910137,0.0,7140.434601537883
000000000000000000ac,0,,New Zealand,new zealand,,8,17272,NZL,,,,False,17273,2,New Zealand,new zealand,,,,,,,medium,,,413.92018711939454,16428.981947097927,0.0,30217.453512847424,331023.26412945613,416833.6797013916,5447.358613070101,0.0,0.0,0.0,94440.28871280327,17137.04671037942,12.67130495980382,0.0,0.0,0.0,0.0,73.61940406635404,0.0,1051.169664543122
000000000000000000ad,0,,New Zealand,new zealand,,8,17273,NZL,,,,False,17274,2,New Zealand,new zealand,,,,,,,medium,,,376.8036840558052,3874.174771457911,0.0,35410.45655398071,86794.1736741364,325736.3959963061,2196.5062843225896,0.0,0.0,0.0,69581.23391764611,15040.257703714073,14.348146978765726,0.0,0.0,0.0,0.0,1.610136467963457,0.0,155.2852233313024
000000000000000000ae,0,,New Zealand,new zealand,,8,17274,NZL,,,,False,17275,2,New Zealand,new zealand,,,,,,,medium,,,0.0,0.0,0.0,0.6326270177960396,0.0,84.82879542931914,0.0,0.0,0.0,0.0,9.087334666401148,0.0,0.0,0.0,0.0,0.0,0.0,0.0,0.0,0.0
000000000000000000af,0,,New Zealand,new zealand,,8,17631,NZL,,,,False,17632,2,New Zealand,new zealand,,,,,,,medium,,,603.9541392885149,0.0,0.0,1434.2896492630243,117761.36147751288,30547.385101418942,1374.0524883531034,0.0,0.0,0.0,13611.806820537897,1241.8242694325745,57.233816761523485,0.0,0.0,0.0,0.0,0.0,0.0,3410.846043229103
000000000000000000b0,0,,New Zealand,new zealand,,8,17632,NZL,,,,False,17633,2,New Zealand,new zealand,,,,,,,medium,,,380.6607432812452,3598.7112357243896,0.0,4307.749241132289,629303.356648013,110385.3889054358,5824.325449090451,0.9326923601329328,0.0,0.0,53616.78367108479,81780.60655751452,28.32112476229668,0.233193390071392,0.0,0.0,0.0,0.0,0.0583490096032619,1375.2593880072236
000000000000000000b1,0,,New Zealand,new zealand,,8,17633,NZL,,,,False,17634,2,New Zealand,new zealand,,,,,,,medium,,,7453.295887939632,28980.113909065723,0.0,13190.39661416784,309520.4945244901,248070.1349011734,3824.4199882932007,0.0,0.0,0.0,61332.83631864935,109737.17561592908,169.6560419984162,0.1749701425433159,0.0,0.0,0.0,0.6327042616903782,0.1747034527361393,626.02837311849
000000000000000000b2,0,,New Zealand,new zealand,,8,17634,NZL,,,,False,17635,2,New Zealand,new zealand,,,,,,,medium,,,12417.906892377883,10052.473048523068,0.0,714.9301296584308,84387.09465775639,60343.962287891656,2580.9596778787677,0.2319782227277755,0.0,0.0,28878.604155693203,15152.784590817988,99.65606610104442,0.2320160865783691,0.0,0.0,0.0,0.0,0.0583026930689811,1255.1654341593385
000000000000000000b3,0,,New Zealand,new zealand,,8,17635,NZL,,,,False,17636,2,New Zealand,new zealand,,,,,,,medium,,,3184.3264534696937,4385.2948779203,0.0,313.45648662373424,153369.04771329835,74461.18793351948,9022.154224414378,0.0,0.0,0.0,122072.960516721,38567.39279301092,10.082255780696867,0.0,0.0,0.0,0.0,0.0,0.0,2118.216603342444
000000000000000000b4,0,,New Zealand,new zealand,,8,17636,NZL,,,,False,17637,2,New Zealand,new zealand,,,,,,,medium,,,26.709171514958143,0.0,0.0,5.303484041243792,1432.6223247945309,4949.609554588795,39.33011747151613,0.0,0.0,0.0,3596.2186284698546,2002.3750255145133,0.5828001759946346,0.0,0.0,0.0,0.0,0.0,0.0,17.443189427256584
000000000000000000b5,0,,New Zealand,new zealand,,8,17992,NZL,,,,False,17993,2,New Zealand,new zealand,,,,,,,medium,,,317.1045234836638,140.66412144899368,0.0,1098.02126865834,183335.2800081633,25366.91132557392,951.4773303605616,0.0585652850568294,0.0,0.0,18989.386187504977,3069.3809347711504,0.0,0.2935602068901062,0.0,0.0,0.0,0.0,0.2936613112688064,4620.440029270947
000000000000000000b6,0,,New Zealand,new zealand,,8,17993,NZL,,,,False,17994,2,New Zealand,new zealand,,,,,,,medium,,,39.49971764162183,0.2335996441543102,0.0,29.39901762455702,22760.70537557453,6619.139037191868,316.45057697594166,0.1169347651302814,0.0,0.0,938.8792706057428,1127.8179916143415,0.0,0.0,0.0,0.0,0.0,0.0,0.175552275031805,202.6968092508614
000000000000000000b7,0,,New Zealand,new zealand,,8,17994,NZL,,,,False,17995,2,New Zealand,new zealand,,,,,,,medium,,,1163.501818869263,25.295315764844418,0.0,0.7602489627897739,3418.4162552431226,2754.4853226728737,34.33773709833622,0.0,0.0,0.0,174.68071309104562,456.3095961585641,1.9870186559855936,0.0,0.0,0.0,0.0,0.0,0.0,67.93210602551699
000000000000000000b8,0,,New Zealand,new zealand,,8,17995,NZL,,,,False,17996,2,New Zealand,new zealand,,,,,,,medium,,,12081.085165839642,14145.867869488897,0.0,823.6942905299366,167070.19436374307,156294.78085672483,2330.7957403101027,0.0,0.0,0.0,394512.5705298632,55409.622971799225,170.87915098294616,0.0,0.0,0.0,0.0,0.0,0.0,1572.0205918177962
000000000000000000b9,0,,New Zealand,new zealand,,8,17996,NZL,,,,False,17997,2,New Zealand,new zealand,,,,,,,medium,,,801.983964651823,1296.6320758536458,0.0,348.2293126024306,56105.17890931293,139853.86955584213,676.0232828259468,0.1765155866742134,0.0,0.0,244141.9867392555,55027.91704931855,15.659926127642391,0.2941369488835335,0.0,0.0,0.0,0.0,0.0,600.8727389387786
000000000000000000ba,0,,New Zealand,new zealand,,8,18353,NZL,,,,False,18354,2,New Zealand,new zealand,,,,,,,medium,,,367.4059633016586,47.62936325743794,0.0,28.415715735405684,11700.60902979225,2859.7900148928165,20.279422778636217,0.0,46.53842627629638,0.0,59476.99522898346,891.786731928587,4.187669817358255,0.0,0.0,0.0,22.96747070923448,0.0,0.0,43.26517414674163
000000000000000000bb,0,,New Zealand,new zealand,,8,18354,NZL,,,,False,18355,2,New Zealand,new zealand,,,,,,,medium,,,6112.029177188873,1090.3693185597658,0.0,772.5644273161888,313023.878335502,92363.79792777076,1222.604305587709,0.0,685.5140076093376,622.7967754751444,245907.016618792,37004.20653289929,16.448238506913185,0.0,0.0,6525.7689833417535,1185.4683725237846,0.5387049466371536,0.0,458.7979080080986
000000000000000000bc,0,,New Zealand,new zealand,,8,18355,NZL,,,,False,18356,2,New Zealand,new zealand,,,,,,,medium,,,3271.008451592177,2856.374367825687,0.0,18787.593821905557,281322.33058920875,352022.8483977057,3783.437910750508,0.0,768.1375821195543,2499.396993327886,186282.8494490534,87004.72696153075,60.75063371285796,0.0,0.0,5967.433508191258,3330.870701674372,141.2887194044888,0.0,5385.328312855214
000000000000000000bd,0,,New Zealand,new zealand,,8,18356,NZL,,,,False,18357,2,New Zealand,new zealand,,,,,,,medium,,,7103.699964277446,29766.78178947419,0.0,1359.6920814029872,288686.7842584476,173317.07805642113,1835.2286407127976,0.0598266534507274,351.2191380225122,1188.3586578033864,303365.53461513296,102421.20259833336,81.75623272359371,0.0596735477447509,0.0,7231.845849066973,2012.6552344299853,0.0,0.0,1364.8560033552349
000000000000000000be,0,,New Zealand,new zealand,,8,18357,NZL,,,,False,18358,2,New Zealand,new zealand,,,,,,,medium,,,523.6620885692537,1549.453533846885,0.0,295.3981281593442,10127.473002657294,28075.752759628,1246.0571383945644,0.0,414.5944117903709,63.488354962319136,36238.18269976601,18664.434883080423,32.72374498471618,0.1200033575296402,0.0,254.38121511787176,787.6017795018852,0.0,0.0,380.4326183721423
000000000000000000bf,0,,New Zealand,new zealand,,8,18358,NZL,,,,False,18359,2,New Zealand,new zealand,,,,,,,medium,,,0.0,0.0,0.0,0.0,0.0,11.463050018996,0.0,0.0,0.0,0.0,0.0,0.0,0.0,0.0,0.0,0.0,0.300097931176424,0.0,0.0,0.0
000000000000000000c0,0,,New Zealand,new zealand,,8,18714,NZL,,,,False,18715,2,New Zealand,new zealand,,,,,,,medium,,,635.648968629539,141.59844544529915,0.0,580.4747728817165,190610.4536033608,58153.80941628292,662.5431167148054,0.0,216.63203228265047,190.93747678771612,78659.84215382114,12238.184261832386,6.498468246310949,0.0,0.0,1326.6709996387362,301.5806236304343,0.0,0.0,773.7394750826061
000000000000000000c1,0,,New Zealand,new zealand,,8,18715,NZL,,,,False,18716,2,New Zealand,new zealand,,,,,,,medium,,,4835.0733078196645,1586.5011598691344,0.0,441.6613685116172,246570.31251818317,94444.85789559036,55274.640833720565,0.0,616.7130816951394,1370.199228234589,417542.5137127712,139216.45509139448,29.484051063656807,0.0,0.0,2008.284942727536,1619.658796612173,0.0,0.0,2766.8620505929
000000000000000000c2,0,,New Zealand,new zealand,,8,18716,NZL,,,,False,18717,2,New Zealand,new zealand,,,,,,,medium,,,7519.900469683111,4505.949214395136,0.0,732.5753993391991,318696.1743020192,49154.33590080589,31777.35251577944,0.0,918.1322662420572,9600.597516406327,199824.07125513256,335226.20309796184,25.955679576843977,0.0,0.0,6191.495116081089,1627.2179404348135,0.0,0.0,2523.257364578545
000000000000000000c3,0,,New Zealand,new zealand,,8,18717,NZL,,,,False,18718,2,New Zealand,new zealand,,,,,,,medium,,,1341.3551658503711,13784.342915326357,35.27366202324629,695.136646963656,407071.780098591,214301.56608664244,6199.82609180361,0.0,629.7723386436701,1629.6066569313407,158471.07281012088,127502.74039068072,14.742035273462534,0.0,0.0,9221.13863311708,1409.4753690883515,0.0,0.0609070137143135,513.1287827342749
000000000000000000c4,0,,New Zealand,new zealand,,8,18718,NZL,,,,False,18719,2,New Zealand,new zealand,,,,,,,medium,,,1673.1537396013737,1769.415820334107,0.0,165.5682202167809,33533.363960921764,57674.48513395339,271.51104098185897,0.0606188774108886,31.847726590931416,54.272978607565165,27670.093772269785,73574.82485249266,7.086423736065626,0.3030981048941612,0.0,47.10534856468439,50.21405087411404,0.0,0.0,101.072521250695
000000000000000000c5,0,,New Zealand,new zealand,,8,19074,NZL,,,,False,19075,2,New Zealand,new zealand,,,,,,,medium,,,8876.783085305244,9884.33310462907,37.43299348652363,1306.3881966136396,40161.75123009086,23322.4999737218,1529.219066273421,0.0,529.1874009631574,272.7656983882189,150994.53927893564,11771.136127777398,67.86172680184245,0.0,0.123295497149229,334.28012769669294,924.4533359222114,0.0,0.2454524226486683,1567.2194796204567
000000000000000000c6,0,,New Zealand,new zealand,,8,19075,NZL,,,,False,19076,2,New Zealand,new zealand,,,,,,,medium,,,16976.20026994124,14251.690677963195,110.83624021708964,1785.8744642212987,215592.12347258252,38578.03874288872,10272.618598353118,0.7398184351623058,3044.009363230318,211.58075969293716,513551.4039212726,46496.39762848988,341.8857462257147,1.9673111364245413,59.94708086922765,187.57573310658336,7157.133641347289,0.0,0.1839068979024887,16543.97115014121
000000000000000000c7,0,,New Zealand,new zealand,,8,19076,NZL,,,,False,19077,2,New Zealand,new zealand,,,,,,,medium,,,8934.070113580674,13995.019574970009,8.628275491297245,250.43507301434877,47723.79877889529,18540.014320887625,1096.2089913226664,0.0,959.4529643133284,3037.9298917874694,88253.3251289241,32178.36126069352,90.1699204929173,0.0612270683050155,0.0,1246.3412869647143,985.8688555210828,0.0,0.0,1081.115961600095
000000000000000000c8,0,,New Zealand,new zealand,,8,19077,NZL,,,,False,19078,2,New Zealand,new zealand,,,,,,,medium,,,365.32757979631424,1379.3939261212945,0.0,646.1531564593315,121728.64985790476,4627.882931061089,435.2378842122853,0.2437783889472484,31.56428014114499,4.144193537533283,5128.702729653567,9899.32115059346,5.972341798245907,2.014982469379902,0.0609407238662242,31.81730679795146,161.06260264664888,0.0,0.1220674104988575,120.5231677852571
000000000000000000c9,0,,New Zealand,new zealand,,8,19078,NZL,,,,False,19079,2,New Zealand,new zealand,,,,,,,medium,,,88.41102430969477,361.2577174827457,0.0,2298.8805565163493,101542.16714389996,33981.466712180525,665.1186234876513,0.0,0.0,0.0,16130.14504460618,33653.679697819054,0.5493653267621994,0.061224028468132,0.0,0.0,0.0,0.0,0.0,293.8990942798555
000000000000000000ca,0,,New Zealand,new zealand,,8,19433,NZL,,,,False,19434,2,New Zealand,new zealand,,,,,,,medium,,,65.37042857334018,876.0053198821843,0.0,66.7826613932848,932.8785073906184,3876.855753619224,1205.5006265938282,1.4972196593880651,0.0,0.0,17167.87660627812,2339.792466118932,0.6252449080348015,2.557836756110192,0.0,0.0,0.0,0.0,0.0,121.33412332087757
000000000000000000cb,0,,New Zealand,new zealand,,8,19434,NZL,,,,False,19435,2,New Zealand,new zealand,,,,,,,medium,,,46412.20554217696,4132.719495475292,3380.4304037429392,3383.5455688126385,115506.89449352026,26397.91340375692,2950.945321954787,2.2394161596894264,157.2699521780014,359.4251616373658,200633.82779019696,64556.44195974246,104.0744892284274,84.45885921269655,1.0539244450628755,183.3511086665094,337.9324263371527,0.0,2.168761726468801,4184.324121791869
000000000000000000cc,0,,New Zealand,new zealand,,8,19435,NZL,,,,False,19436,2,New Zealand,new zealand,,,,,,,medium,,,2496.567013338208,595.5535976476967,234.3295473009348,214.73513894155624,121157.75258257984,18617.94034026563,481.0385942608118,1.6755478233098984,33.54960201308131,1.3594494350254536,24551.1419217512,20609.621290773157,39.296782940626144,3.154831506311893,0.1861579678952694,2.410113576799631,21.62555692344904,0.0,1.3004196397960186,1395.981278002262
000000000000000000cd,0,,New Zealand,new zealand,,8,19436,NZL,,,,False,19437,2,New Zealand,new zealand,,,,,,,medium,,,0.0,0.0,0.0,0.0,90.74174638465048,19.14871869981289,1.4830758571624756,0.0,0.0,0.0,0.0,0.0,0.0,0.0,0.0,0.0,0.0,0.0,0.0,0.0
000000000000000000ce,0,,New Zealand,new zealand,,8,19793,NZL,,,,False,19794,2,New Zealand,new zealand,,,,,,,medium,,,2539.508860342205,3769.0064321905375,537.9193280413747,1960.4988103285432,235950.50272352996,46893.46674468368,3146.151543714106,1.0744187384843826,0.0,0.0,212190.14887496084,99497.857840091,58.14115725457668,3.3501086682081223,0.1894793286919593,0.0,0.0,0.0,1.894651122391224,3802.9556740149856
000000000000000000cf,0,,New Zealand,new zealand,,8,19794,NZL,,,,False,19795,2,New Zealand,new zealand,,,,,,,medium,,,4898.936408504844,1678.0519548133016,441.8605870977044,370.1796285659075,125237.62356303632,15660.4037271142,735.5185344740748,0.751816987991333,0.0,0.0,152907.6759090051,37102.25236990303,193.8740857318044,1.9446477890014648,0.2510055303573608,0.0,0.0,0.0,2.016003869473934,2455.3073415383697
000000000000000000d0,0,,New Zealand,new zealand,,8,19795,NZL,,,,False,19796,2,New Zealand,new zealand,,,,,,,medium,,,0.0,0.0,0.0,0.0626031309366226,58.14399002492428,33.67942946404219,70.71771347522736,0.0,0.0,0.0,0.0,0.0,0.0,0.0,0.0,0.0,0.0,0.0,0.0,0.0
000000000000000000d1,0,,New Zealand,new zealand,,8,20152,NZL,,,,False,20153,2,New Zealand,new zealand,,,,,,,medium,,,17.0145493298769,0.0,130.0270875170827,4005.515154749155,13211.06757286936,15620.932518333197,636.1050877273083,1.146047092974186,0.0,0.0,6144.884096890688,17740.234356239438,9.146182380616665,0.0636267066001892,0.2548953220248222,0.0,0.0,0.0,36.69567234069109,1722.3866418525577
000000000000000000d2,0,,New Zealand,new zealand,,8,20153,NZL,,,,False,20154,2,New Zealand,new zealand,,,,,,,medium,,,495.6590259820223,876.2559650912881,53.00741972029209,835.4248446151614,6123.792068041861,12382.775370642545,604.5760508701205,0.3805150762200355,0.0,0.0,21573.678582273424,16983.2130734995,259.5311049669981,0.5073058605194092,0.0633743554353714,0.0,0.0,0.0,0.0,7149.0268544480205
000000000000000000d3,0,,New Zealand,new zealand,,8,20881,NZL,,,,False,20882,2,New Zealand,new zealand,,,,,,,medium,,,0.0,0.0,0.0,0.0,0.0,0.0,0.0,0.0,0.0,0.0,0.0,0.0,0.0,0.0,0.0,0.0,0.0,0.0,0.0,0.0
000000000000000000d4,0,,New Zealand,new zealand,,8,21241,NZL,,,,False,21242,2,New Zealand,new zealand,,,,,,,medium,,,0.0,0.0,0.0,0.0,0.0,0.0,0.0,0.0,0.0,0.0,0.0,0.0,0.0,0.0,0.0,0.0,0.0,0.0,0.0,0.0
000000000000000000d5,0,,New Zealand,new zealand,,8,21602,NZL,,,,False,21603,2,New Zealand,new zealand,,,,,,,medium,,,0.0,0.0,0.0,0.0,0.0,0.0,0.0,0.0,0.0,0.0,0.0,0.0,0.0,0.0,0.0,0.0,0.0,0.0,0.0,0.0
